Time,GDP_exp,log_Real_GDP,Current_Account,Current_Account_GDP,Trade_Balance ,Trade_Balance_GDP,NIIP,Trade_EU,Trade_non_EU,HP_FILTER,TREND,,UK exports (to US),UK imports (from US),Trade Balance US,UK exports (to Germany),UK imports (from Germany),Trade Balance Germany,UK exports (to Netherlands),UK imports (from Netherlands),Trade Balance Netherlands,UK exports (to France),UK imports (from France),Trade Balance France,UK exports (to China),UK imports (from China),Trade Balance China,,GDP_exp,log_GDP_exp,CONS_exp,log_CONS_exp,INV_exp,log_INV_exp,GOVT_exp,log_GOVT_exp,EXP_exp,log_EXP_exp,IM_exp,log_IM_exp,,,GDP_exp,log_GDP_exp,,,Current_Account,Trade_Balance ,,Detrended_Current_Account,Detrended_Trade_Balance,,,,trend_GDP_exp_HP,trend_CONS_exp_HP,trend_INV_exp_HP,trend_GOVT_exp_HP,trend_EXP_exp_HP,trend_IM_exp_HP,,GDP_exp,log_GDP_exp,CONS_exp,log_CONS_exp,INV_exp,log_INV_exp,GOVT_exp,log_GOVT_exp,EXP_exp,log_EXP_exp,IM_exp,log_IM_exp,,cyc_GDP_exp_HP,cyc_CONS_exp_HP,cyc_INV_exp_HP,cyc_GOVT_exp_HP,cyc_EXP_exp_HP,cyc_IM_exp_HP,,GDP_exp,log_GDP_exp,CONS_exp,log_CONS_exp,INV_exp,log_INV_exp,GOVT_exp,log_GOVT_exp,EXP_exp,log_EXP_exp,IM_exp,log_IM_exp,,Detrended_Current_Account,Detrended_Trade_Balance,,,cyc_CA_log_det,cyc_CA_quad,serial_1,serial_2,trend_CA_log_det,trend_CA_quad,std_dev_cyc_CA_log_det,std_dev_cyc_CA_quad,serial_corr_cyc_CA_log_det,serial_corr_cyc_CA_quad,corr_CA_GDP_exp,,cyc_TB_log_det,cyc_TB_quad,serial_3,serial_4,trend_TB_log_det,trend_TB_quad,std_dev_cyc_TB_log_det,std_dev_cyc_TB_quad,serial_corr_cyc_TB_log_det,serial_corr_cyc_TB_quad,corr_TB_GDP_exp,,cyc_GDP_log_det,cyc_GDP_quad,serial_5,serial_6,trend_GDP_log_det,trend_GDP_quad,std_dev_cyc_GDP_log_det,std_dev_cyc_GDP_quad,serial_corr_cyc_GDP_log_det,serial_corr_cyc_GDP_quad,,,cyc_CONS_log_det,cyc_CONS_quad,serial_7,serial_8,trend_CONS_log_det,trend_CONS_quad,std_dev_cyc_CONS_log_det,std_dev_cyc_CONS_quad,serial_corr_cyc_CONS_log_det,serial_corr_cyc_CONS_quad,corr_CONS_GDP_exp,,cyc_INV_log_det,cyc_INV_quad,serial_9,serial_10,trend_INV_log_det,trend_INV_quad,std_dev_cyc_INV_log_det,std_dev_cyc_INV_quad,serial_corr_cyc_INV_log_det,serial_corr_cyc_INV_quad,corr_INV_GDP_exp,,cyc_GOVT_log_det,cyc_GOVT_quad,serial_11,serial_12,trend_GOVT_log_det,trend_GOVT_quad,std_dev_cyc_GOVT_log_det,std_dev_cyc_GOVT_quad,serial_corr_cyc_GOVT_log_det,serial_corr_cyc_GOVT_quad,g/y,corr_g/y_GDP_exp,,cyc_EXP_log_det,cyc_EXP_quad,serial_13,serial_14,trend_EXP_log_det,trend_EXP_quad,std_dev_cyc_EXP_log_det,std_dev_cyc_EXP_quad,serial_corr_cyc_EXP_log_det,serial_corr_cyc_EXP_quad,corr_EXP_GDP_exp,,cyc_IM_log_det,cyc_IM_quad,serial_15,serial_16,trend_IM_log_det,trend_IM_quad,std_dev_cyc_IM_log_det,std_dev_cyc_IM_quad,serial_corr_cyc_IM_log_det,serial_corr_cyc_IM_quad,corr_IM_GDP_exp,,QUAD. DETRENDED DATA,,,,,,,,,STD. DEVIATION,,,,,,,,
1988,555591,5.744755202,-19602,-3.5,-15090,-2.7,54917,,,1988,1,1988,,,,,,,,,,,,,,,,,555591,5.744755202,439713,5.643169306,347280,5.540679773,92433,4.965827049,113478,5.054911673,128568,5.109132888,,,555591,5.744755202,,,-19602,-15090,,-0.032524869,-0.025038275,,,,13.30913717,13.07691956,12.84486308,11.50391893,11.74615398,11.80477777,,555591,5.744755202,439713,5.643169306,347280,5.540679773,92433,4.965827049,113478,5.054911673,128568,5.109132888,,-7.56438197,-7.433750253,-7.304183308,-6.538091876,-6.691242309,-6.695644886,,555591,5.744755202,439713,5.643169306,347280,5.540679773,92433,4.965827049,113478,5.054911673,128568,5.109132888,,-60.53986345,-46.60476173,,,-0.834877381,-0.009145026,-1.039499915,-0.017362402,-59.70498607,-60.53071843,0.443481186,0.009492918,0.699809667,0.583027185,-0.092836107,,-0.054321352,-1.53E-02,-0.029197956,-1.87E-02,-46.55044038,-4.66E+01,0.021143462,0.009087988,0.904124955,0.815872102,-0.110607472,,-0.054321352,-0.016203855,-0.029197956,0.001296042,5.799076554,5.76E+00,0.021143462,0.009087037,0.904124955,0.649607089,,,0.059931496,-0.011336686,-0.040390681,-0.001514833,5.58323781,5.654505992,0.02516882,0.00751968,0.660616478,0.744142522,0.923374366,,-0.062390356,-0.014976386,-0.041800141,-0.003868965,5.603070129,5.555656159,0.025640875,0.009670633,0.94404164,0.749579245,0.794068008,,-0.050984662,0.000555702,-0.035211425,0.006020866,5.016811711,4.965271347,0.036734581,0.026135564,0.933250423,0.91947315,-0.034294413,-2.31889E-11,,-0.069660236,-0.02545765,-0.038809722,-0.003447653,5.124571909,5.080369323,0.031231383,0.022028849,0.721615599,0.505361602,0.142550988,,-0.038797451,0.00523619,-0.004412821,0.030814092,5.147930339,5.103896698,0.0283811,0.017863292,0.701119195,0.298562634,0.221234394,,,,,,,,,,,,,,,,,,,
1989,614508,5.788527541,-24955,-4.1,-18313,-3,74595,,,1989,2,1989,,,,,,,,,,,,,,,,,614508,5.788527541,481261,5.682380669,380458,5.580306721,100803,5.003473457,128733,5.10968989,147046,5.167453215,,,614508,5.788527541,,,-24955,-18313,,-0.039380853,-0.028899281,,,,13.35930502,13.13121036,12.89822551,11.561242,11.81072925,11.86748215,,614508,5.788527541,481261,5.682380669,380458,5.580306721,100803,5.003473457,128733,5.10968989,147046,5.167453215,,-7.570777477,-7.448829693,-7.317918791,-6.557768542,-6.701039358,-6.700028936,,614508,5.788527541,481261,5.682380669,380458,5.580306721,100803,5.003473457,128733,5.10968989,147046,5.167453215,,-75.4112924,-45.6003367,,,-1.039499915,-0.017362402,-0.688115256,-0.010108328,-74.37179248,-75.39392999,,,,,,,-0.029197956,-1.87E-02,-0.011003504,-6.00E-03,-45.57113874,-4.56E+01,,,,,,,-0.029197956,0.001296042,-0.011003504,0.012392752,5.817725497,5.79E+00,,,,,,,-0.040390681,-0.001514833,-0.021997295,0.007829864,5.72277135,5.683895502,,,,,,,-0.041800141,-0.003868965,-0.024641825,0.004460543,5.622106862,5.584175686,,,,,,,-0.035211425,0.006020866,-0.012038565,0.019596555,5.038684882,4.997452591,,,,,4.645580462,,,-0.038809722,-0.003447653,-0.020169557,0.006961686,5.148499612,5.113137543,,,,,,,-0.004412821,0.030814092,-0.010755631,0.016271914,5.171866036,5.136639124,,,,,,,cyc_CA_quad,cyc_TB_quad,cyc_GDP_quad,cyc_CONS_quad,cyc_INV_quad,cyc_GOVT_quad,cyc_EXP_quad,cyc_IM_quad,,std_dev_cyc_CA_quad,std_dev_cyc_TB_quad,std_dev_cyc_GDP_quad,std_dev_cyc_CONS_quad,std_dev_cyc_INV_quad,std_dev_cyc_GOVT_quad,std_dev_cyc_EXP_quad,std_dev_cyc_IM_quad,
1990,668915,5.825370935,-20603,-3.1,-11135,-1.7,8887,,,1990,3,1990,20884215,22386036,-1501.821,21458782,34136220,-12677.438,12697511,16566179,-3868.668,17702378,19457894,-1755.516,806860,2130083,-1323.223,,668915,5.825370935,525345,5.720444603,413525,5.61650177,111820,5.048519488,141990,5.152257759,153125,5.185046102,,,668915,5.825370935,,,-20603,-11135,,-0.030923773,-0.016712916,,,,13.40942202,13.18544926,12.95153358,11.61852152,11.87523777,11.93016117,,668915,5.825370935,525345,5.720444603,413525,5.61650177,111820,5.048519488,141990,5.152257759,153125,5.185046102,,-7.584051087,-7.465004661,-7.335031812,-6.570002036,-6.722980011,-6.745115073,,668915,5.825370935,525345,5.720444603,413525,5.61650177,111820,5.048519488,141990,5.152257759,153125,5.185046102,,-60.91954053,-44.61854422,,,-0.688115256,-0.010108328,-0.005112128,0.006401473,-60.23142527,-60.9094322,,,,,,,-0.011003504,-6.00E-03,-0.006558375,7.45E-03,-44.60754072,-4.46E+01,,,,,,,-0.011003504,0.012392752,-0.006558375,0.010265899,5.836374439,5.81E+00,,,,,,,-0.021997295,0.007829864,-0.010139334,0.01130941,5.742441898,5.712614739,,,,,,,-0.024641825,0.004460543,-0.015135528,0.005792018,5.641143595,5.612041227,,,,,,,-0.012038565,0.019596555,0.008482538,0.031231388,5.060558053,5.028922933,,,,,1.581291596,,,-0.020169557,0.006961686,-0.035703444,-0.016193337,5.172427316,5.145296073,,,,,,,-0.010755631,0.016271914,-0.051331294,-0.031895755,5.195801733,5.168774188,,,,,,,-0.009145026,-1.53E-02,-0.016203855,-0.011336686,-0.014976386,0.000555702,-0.02545765,0.00523619,,0.009492918,0.009087988,0.009087037,0.00751968,0.009670633,0.026135564,0.022028849,0.017863292,
1991,705448,5.848465007,-9364,-1.3,-2608,-0.4,24823,,,1991,4,1991,18093425,21889418,-3795.993,23032423,30088328,-7055.905,13360660,15360629,-1999.969,17845644,18405156,-559.512,506103,2618444,-2112.341,,705448,5.848465007,564902,5.751973112,441616,5.6450448,123286,5.090913762,144761,5.160651575,147369,5.168406137,,,705448,5.848465007,,,-9364,-2608,,-0.013369353,-0.003723545,,,,13.45941813,13.23955496,13.00470225,11.67568875,11.93958453,11.99280888,,705448,5.848465007,564902,5.751973112,441616,5.6450448,123286,5.090913762,144761,5.160651575,147369,5.168406137,,-7.610953126,-7.487581848,-7.359657449,-6.584774988,-6.77893296,-6.824402742,,705448,5.848465007,564902,5.751973112,441616,5.6450448,123286,5.090913762,144761,5.160651575,147369,5.168406137,,-27.09303826,-43.66018232,,,-0.005112128,0.006401473,-0.026212698,0.003698027,-27.08792613,-27.09943973,,,,,,,-0.006558375,7.45E-03,-0.010015841,4.96E-03,-43.65362395,-4.37E+01,,,,,,,-0.006558375,0.010265899,-0.010015841,0.00076221,5.855023382,5.84E+00,,,,,,,-0.010139334,0.01130941,-0.00687935,0.006861252,5.762112446,5.740663702,,,,,,,-0.015135528,0.005792018,-0.013268529,0.00013818,5.660180328,5.639252782,,,,,,,0.008482538,0.031231388,0.016723334,0.031296816,5.082431224,5.059682374,,,,,3.042245739,,,-0.035703444,-0.016193337,-0.037058447,-0.024559784,5.196355019,5.176844912,,,,,,,-0.051331294,-0.031895755,-0.046720828,-0.034269936,5.21973743,5.200301892,,,,,,,-0.017362402,-1.87E-02,0.001296042,-0.001514833,-0.003868965,0.006020866,-0.003447653,0.030814092,,,,,,,,,,
1992,730561,5.863656484,-11180,-1.5,-4897,-0.7,49911,,,1992,5,1992,19212552,21844352,-2631.8,23538668,32192213,-8653.545,13771921,15470870,-1698.949,17742502,20158038,-2415.536,656758,3430128,-2773.37,,730561,5.863656484,595530,5.774903644,463392,5.665948532,132138,5.121027729,152484,5.183224276,157381,5.1969523,,,730561,5.863656484,,,-11180,-4897,,-0.015186566,-0.006651933,,,,13.5092258,13.29343762,13.05763455,11.73267876,12.0036672,12.05542483,,730561,5.863656484,595530,5.774903644,463392,5.665948532,132138,5.121027729,152484,5.183224276,157381,5.1969523,,-7.645569314,-7.518533977,-7.391686021,-6.611651027,-6.820442921,-6.858472528,,730561,5.863656484,595530,5.774903644,463392,5.665948532,132138,5.121027729,152484,5.183224276,157381,5.1969523,,-31.65510807,-42.72590168,,,-0.026212698,0.003698027,0.093002018,0.005004875,-31.62889537,-31.65880609,,,,,,,-0.010015841,4.96E-03,-0.006314176,8.53E-03,-42.71588584,-4.27E+01,,,,,,,-0.010015841,0.00076221,-0.006314176,-0.00105659,5.873672325,5.86E+00,,,,,,,-0.00687935,0.006861252,-0.003392252,0.00331048,5.781782994,5.768042392,,,,,,,-0.013268529,0.00013818,-0.005302938,0.00123692,5.679217061,5.665810352,,,,,,,0.016723334,0.031296816,0.004249485,0.011358501,5.104304395,5.089730913,,,,,41.060627,,,-0.037058447,-0.024559784,-0.00381096,0.002285948,5.220282723,5.20778406,,,,,,,-0.046720828,-0.034269936,-0.020512393,-0.014438787,5.243673128,5.231222237,,,,,,,-0.010108328,-6.00E-03,0.012392752,0.007829864,0.004460543,0.019596555,0.006961686,0.016271914,,CORRELATIONS WITH OUTPUT,,,,,,,,
1993,769143,5.886007092,-10174,-1.3,-2703,-0.4,77584,,,1993,6,1993,21968608,22988524,-1019.916,20423173,27603122,-7179.949,11149107,12463517,-1314.41,15877147,18278220,-2401.073,1040911,4099859,-3058.948,,769143,5.886007092,628147,5.79806129,493118,5.692950856,135029,5.130427051,173940,5.240399466,176643,5.247096432,,,769143,5.886007092,,,-10174,-2703,,-0.013151871,-0.003494153,,,,13.55878194,13.34701045,13.11022947,11.78945573,12.06734795,12.11795102,,769143,5.886007092,628147,5.79806129,493118,5.692950856,135029,5.130427051,173940,5.240399466,176643,5.247096432,,-7.672774852,-7.548949162,-7.417278617,-6.659028678,-6.826948485,-6.870854584,,769143,5.886007092,628147,5.79806129,493118,5.692950856,135029,5.130427051,173940,5.240399466,176643,5.247096432,,-28.1933616,-41.8161811,,,0.093002018,0.005004875,0.441987581,0.012764612,-28.28636361,-28.19836647,,,,,,,-0.006314176,8.53E-03,-0.002769989,1.21E-02,-41.80986692,-4.18E+01,,,,,,,-0.006314176,-0.00105659,-0.002769989,-0.00250711,5.892321267,5.89E+00,,,,,,,-0.003392252,0.00331048,-0.002861237,-0.0025261,5.801453542,5.79475081,,,,,,,-0.005302938,0.00123692,-0.003259343,-0.00293235,5.698253793,5.691713935,,,,,,,0.004249485,0.011358501,-0.000646512,-0.000291061,5.126177566,5.11906855,,,,,-10.75015205,,,-0.00381096,0.002285948,0.015983412,0.016288258,5.244210426,5.238113518,,,,,,,-0.020512393,-0.014438787,-0.006881475,-0.006577795,5.267608825,5.261535219,,,,,,,0.006401473,7.45E-03,0.010265899,0.01130941,0.005792018,0.031231388,-0.016193337,-0.031895755,,,,,,,,,,
1994,809469,5.908200221,-3919,-0.5,-240,0,65960,,,1994,7,1994,23246373,26821714,-3575.341,24527134,32703950,-8176.816,13962736,14639917,-677.181,19622967,22081635,-2458.668,1243082,5078523,-3835.441,,809469,5.908200221,658056,5.818262853,517644,5.714031184,140412,5.147404225,192363,5.284121542,192603,5.284663047,,,809469,5.908200221,,,-3919,-240,,-0.004822673,-0.000295341,,,,13.60801871,13.40018901,13.16237892,11.84602068,12.13044595,12.18027381,,809469,5.908200221,658056,5.818262853,517644,5.714031184,140412,5.147404225,192363,5.284121542,192603,5.284663047,,-7.69981849,-7.581926158,-7.448347733,-6.698616459,-6.84632441,-6.895610763,,809469,5.908200221,658056,5.818262853,517644,5.714031184,140412,5.147404225,192363,5.284121542,192603,5.284663047,,-10.63025693,-40.93150728,,,0.441987581,0.012764612,0.417457302,0.010436482,-11.07224451,-10.64302154,,,,,,,-0.002769989,1.21E-02,-0.000117464,1.55E-02,-40.92873729,-4.09E+01,,,,,,,-0.002769989,-0.00250711,-0.000117464,-0.004323533,5.910970211,5.91E+00,,,,,,,-0.002861237,-0.0025261,-0.001851146,-0.007213332,5.82112409,5.820788953,,,,,,,-0.003259343,-0.00293235,-0.000406749,-0.005638636,5.717290527,5.716963534,,,,,,,-0.000646512,-0.000291061,-0.006324284,-0.012011496,5.148050737,5.147695286,,,,,0.116094144,,,0.015983412,0.016288258,0.044913942,0.040036415,5.26813813,5.267833284,,,,,,,-0.006881475,-0.006577795,0.016843087,0.011984202,5.291544522,5.291240842,,,,,,,0.003698027,4.96E-03,0.00076221,0.006861252,0.00013818,0.031296816,-0.024559784,-0.034269936,,corr_CA_GDP_exp,corr_TB_GDP_exp,corr_CONS_GDP_exp,corr_INV_GDP_exp,corr_g/y_GDP_exp,corr_EXP_GDP_exp,corr_IM_GDP_exp,,
1995,850162,5.929501689,-5751,-0.7,2317,0.3,66559,,,1995,8,1995,25536496,32729149,-7192.653,29797648,39343049,-9545.401,18975430,17188553,1786.877,22647255,24610767,-1963.512,1329616,5999400,-4669.784,,850162,5.929501689,690150,5.838943492,544403,5.73592051,145747,5.163599624,217260,5.336979775,214943,5.332323306,,,850162,5.929501689,,,-5751,2317,,-0.006739729,0.002715345,,,,13.65686465,13.45289106,13.21397372,11.9023895,12.19277981,12.24225704,,850162,5.929501689,690150,5.838943492,544403,5.73592051,145747,5.163599624,217260,5.336979775,214943,5.332323306,,-7.727362959,-7.613947567,-7.47805321,-6.738789879,-6.855800033,-6.909933731,,850162,5.929501689,690150,5.838943492,544403,5.73592051,145747,5.163599624,217260,5.336979775,214943,5.332323306,,-15.27210673,-40.07235098,,,0.417457302,0.010436482,0.495514438,0.011078259,-15.68956403,-15.28254321,,,,,,,-0.000117464,1.55E-02,0.009456487,1.48E-02,-40.07223352,-4.01E+01,,,,,,,-0.000117464,-0.004323533,0.009456487,0.001307229,5.929619153,5.93E+00,,,,,,,-0.001851146,-0.007213332,0.006163546,-0.004225689,5.840794638,5.846156824,,,,,,,-0.000406749,-0.005638636,0.011013158,0.000876378,5.736327259,5.741559145,,,,,,,-0.006324284,-0.012011496,-0.0110234,-0.022042375,5.169923908,5.17561112,,,,,2.778167053,,,0.044913942,0.040036415,0.059214516,0.049764307,5.292065833,5.29694336,,,,,,,0.016843087,0.011984202,0.032991571,0.023577482,5.315480219,5.320339104,,,,,,,0.005004875,8.53E-03,-0.00105659,0.00331048,0.00123692,0.011358501,0.002285948,-0.014438787,,-0.092836107,-0.110607472,0.032866044,0.794068008,-2.31889E-11,0.142550988,0.221234394,,
1996,907245,5.957724583,-5235,-0.6,1525,0.2,85279,,,1996,9,1996,28212888,32858975,-4646.087,30433524,39719901,-9286.377,20006086,18410163,1595.923,24427001,25823081,-1396.08,1059590,7077162,-6017.572,,907245,5.957724583,735578,5.866628732,583952,5.76637715,151626,5.180773678,237251,5.375208052,235726,5.372407487,,,907245,5.957724583,,,-5235,1525,,-0.005845263,0.001702775,,,,13.70524587,13.50503239,13.26490138,11.95858201,12.25419106,12.3037571,,907245,5.957724583,735578,5.866628732,583952,5.76637715,151626,5.180773678,237251,5.375208052,235726,5.372407487,,-7.74752129,-7.638403659,-7.498524225,-6.777808337,-6.878983009,-6.931349609,,907245,5.957724583,735578,5.866628732,583952,5.76637715,151626,5.180773678,237251,5.375208052,235726,5.372407487,,-13.61278558,-39.23914697,,,0.495514438,0.011078259,0.737019209,0.016350235,-14.10830002,-13.62386384,,,,,,,0.009456487,1.48E-02,0.011850361,1.85E-02,-39.24860346,-3.93E+01,,,,,,,0.009456487,0.001307229,0.011850361,0.000283673,5.948268096,5.96E+00,,,,,,,0.006163546,-0.004225689,0.010937076,-0.003808935,5.860465186,5.870854421,,,,,,,0.011013158,0.000876378,0.021147017,0.006759329,5.755363992,5.765500772,,,,,,,-0.0110234,-0.022042375,-0.027151817,-0.042791652,5.191797079,5.202816053,,,,,-16.86190517,,,0.059214516,0.049764307,0.046244074,0.032830875,5.315993536,5.325443745,,,,,,,0.032991571,0.023577482,0.014258756,0.000896823,5.339415916,5.348830005,,,,,,,0.012764612,1.21E-02,-0.00250711,-0.0025261,-0.00293235,-0.000291061,0.016288258,-0.006577795,,,,,,,,,,
1997,952286,5.9787674,-450,0,4746,0.5,42915,,,1997,10,1997,34257292,41773926,-7516.634,32978340,41468488,-8490.148,22230585,19906381,2324.204,26455673,28590738,-2135.065,1498376,8303269,-6804.893,,952286,5.9787674,778167,5.89107281,624522,5.795547742,153645,5.186518432,243313,5.386165314,238567,5.377610369,,,952286,5.9787674,,,-450,4746,,-0.000478986,0.005051709,,,,13.7530862,13.55652366,13.3150453,12.01461007,12.31458129,12.3646528,,952286,5.9787674,778167,5.89107281,624522,5.795547742,153645,5.186518432,243313,5.386165314,238567,5.377610369,,-7.774318805,-7.665450848,-7.519497561,-6.828091642,-6.92841598,-6.987042434,,952286,5.9787674,778167,5.89107281,624522,5.795547742,153645,5.186518432,243313,5.386165314,238567,5.377610369,,-1.146092276,-38.43229432,,,0.737019209,0.016350235,0.615326625,0.011843158,-1.883111485,-1.162442511,,,,,,,0.011850361,1.85E-02,0.012856841,7.53E-03,-38.44414468,-3.85E+01,,,,,,,0.011850361,0.000283673,0.012856841,-0.00160152,5.966917038,5.98E+00,,,,,,,0.010937076,-0.003808935,0.014568613,-0.003863901,5.880135734,5.894881745,,,,,,,0.021147017,0.006759329,0.02627753,0.008292921,5.774400725,5.788788412,,,,,,,-0.027151817,-0.042791652,-0.029257376,-0.04880717,5.213670249,5.229310084,,,,,-150.8486784,,,0.046244074,0.032830875,0.017840002,0.001073503,5.33992124,5.353334439,,,,,,,0.014258756,0.000896823,0.005355133,-0.011347283,5.363351614,5.376713546,,,,,,,0.010436482,1.55E-02,-0.004323533,-0.007213332,-0.005638636,-0.012011496,0.040036415,0.011984202,,,,,,,,,,
1998,996375,5.998422822,-4974,-0.5,-6151,-0.6,-56336,,,1998,11,1998,36024207,44727263,-8703.056,33276690,41515332,-8238.642,21077090,21934952,-857.862,26659436,28940031,-2280.595,1423572,9505521,-8081.949,,996375,5.998422822,821060,5.914374895,660260,5.819714988,160800,5.206286044,240818,5.381688945,246969,5.392642443,,,996375,5.998422822,,,-4974,-6151,,-0.005050147,-0.006245166,,,,13.80031754,13.60727763,13.36429684,12.07046715,12.37392877,12.42486464,,996375,5.998422822,821060,5.914374895,660260,5.819714988,160800,5.206286044,240818,5.381688945,246969,5.392642443,,-7.801894713,-7.69290273,-7.54458185,-6.864181108,-6.992239823,-7.032222201,,996375,5.998422822,821060,5.914374895,660260,5.819714988,160800,5.206286044,240818,5.381688945,246969,5.392642443,,-12.41093415,-37.65198961,,,0.615326625,0.011843158,-0.065583173,-0.007759526,-13.02626077,-12.42277731,,,,,,,0.012856841,7.53E-03,0.012773313,7.39E-05,-37.66484645,-3.77E+01,,,,,,,0.012856841,-0.00160152,0.012773313,-0.004050962,5.985565982,6.00E+00,,,,,,,0.014568613,-0.003863901,0.017566389,-0.003882355,5.899806282,5.918238796,,,,,,,0.02627753,0.008292921,0.02804968,0.007122135,5.793437457,5.811422067,,,,,,,-0.029257376,-0.04880717,-0.02090956,-0.04365841,5.235543421,5.255093214,,,,,30.47552538,,,0.017840002,0.001073503,0.008045799,-0.011464308,5.363848943,5.380615442,,,,,,,0.005355133,-0.011347283,0.009085977,-0.010349561,5.387287311,5.403989726,,,,,,,0.011078259,1.48E-02,0.001307229,-0.004225689,0.000876378,-0.022042375,0.049764307,0.023577482,,SERIAL CORRELATIONS,,,,,,,,
1999,1039892,6.016988237,-25668,-2.5,-14430,-1.4,-64513,-13125,-1305,1999,12,1999,39921163,42280412,-2359.249,32138819,42478491,-10339.672,21263686,21460483,-196.797,26520501,28741883,-2221.382,1957848,10834084,-8876.236,,1039892,6.016988237,865054,5.937043219,692666,5.840523871,172388,5.236507031,248784,5.395822446,263214,5.420308985,,,1039892,6.016988237,,,-25668,-14430,,-0.024875302,-0.013984362,,,,13.84688022,13.65721217,13.41256588,12.12610159,12.43226645,12.4843242,,1039892,6.016988237,865054,5.937043219,692666,5.840523871,172388,5.236507031,248784,5.395822446,263214,5.420308985,,-7.829891981,-7.720168947,-7.572042006,-6.88959456,-7.036444001,-7.064015213,,1039892,6.016988237,865054,5.937043219,692666,5.840523871,172388,5.236507031,248784,5.395822446,263214,5.420308985,,-62.76368792,-36.89824103,,,-0.065583173,-0.007759526,0.048750275,-0.005459659,-62.69810474,-62.75592839,,,,,,,0.012773313,7.39E-05,0.016808769,-3.27E-03,-36.91101434,-3.69E+01,,,,,,,0.012773313,-0.004050962,0.016808769,-0.00185566,6.004214924,6.02E+00,,,,,,,0.017566389,-0.003882355,0.021077404,-0.002717296,5.91947683,5.940925574,,,,,,,0.02804968,0.007122135,0.03099374,0.007777245,5.81247419,5.833401736,,,,,,,-0.02090956,-0.04365841,-0.014809593,-0.040046599,5.257416591,5.280165442,,,,,10.77729581,,,0.008045799,-0.011464308,0.029349473,0.007705448,5.387776647,5.407286754,,,,,,,0.009085977,-0.010349561,0.034798731,0.013237431,5.411223008,5.430658546,,,,,,,0.016350235,1.85E-02,0.000283673,-0.003808935,0.006759329,-0.042791652,0.032830875,0.000896823,,,,,,,,,,
2000,1095652,6.039672636,-24799,-2.3,-19000,-1.7,23682,-10413,-8587,2000,13,2000,44990270,44318415,671.855,33731121,42227559,-8496.438,22239695,23042774,-803.079,27366248,27405234,-38.986,2221137,13317168,-11096.031,,1095652,6.039672636,912483,5.960224782,728626,5.862504664,183857,5.264480169,276092,5.441053823,295092,5.469957436,,,1095652,6.039672636,,,-24799,-19000,,-0.022956292,-0.017588191,,,,13.89272183,13.70625207,13.45978488,12.18141014,12.48963846,12.54295814,,1095652,6.039672636,912483,5.960224782,728626,5.862504664,183857,5.264480169,276092,5.441053823,295092,5.469957436,,-7.853049198,-7.746027292,-7.597280211,-6.916929967,-7.048584638,-7.073000707,,1095652,6.039672636,912483,5.960224782,728626,5.862504664,183857,5.264480169,276092,5.441053823,295092,5.469957436,,-59.44349384,-36.17090697,,,0.048750275,-0.005459659,0.17041565,-0.00279725,-59.49224411,-59.43803418,,,,,,,0.016808769,-3.27E-03,0.015193135,-7.63E-03,-36.18771574,-3.62E+01,,,,,,,0.016808769,-0.00185566,0.015193135,-0.004785691,6.022863867,6.04E+00,,,,,,,0.021077404,-0.002717296,0.021278661,-0.004191722,5.939147378,5.962942078,,,,,,,0.03099374,0.007777245,0.028425433,0.003573972,5.831510924,5.85472742,,,,,,,-0.014809593,-0.040046599,-0.003579676,-0.030593936,5.279289763,5.304526768,,,,,21.58078114,,,0.029349473,0.007705448,0.019645361,-0.003522891,5.41170435,5.433348375,,,,,,,0.034798731,0.013237431,0.032775539,0.009695838,5.435158705,5.456720005,,,,,,,0.011843158,7.53E-03,-0.00160152,-0.003863901,0.008292921,-0.04880717,0.001073503,-0.011347283,,serial_corr_cyc_CA_quad,serial_corr_cyc_TB_quad,serial_corr_cyc_GDP_quad,serial_corr_cyc_CONS_quad,serial_corr_cyc_INV_quad,serial_corr_cyc_GOVT_quad,serial_corr_cyc_EXP_quad,serial_corr_cyc_IM_quad,
2001,1139478,6.056705945,-23543,-2.1,-25079,-2.2,-23494,-17857,-7222,2001,14,2001,42901582,44320855,-1419.273,33428258,41630974,-8202.716,20598772,21623263,-1024.491,27242611,27932121,-689.51,2479901,13957948,-11478.047,,1139478,6.056705945,955205,5.980096587,756786,5.878973089,198419,5.297583257,285284,5.455277415,310363,5.491869941,,,1139478,6.056705945,,,-23543,-25079,,-0.020833126,-0.022192327,,,,13.9377948,13.75433048,13.50590862,12.23624666,12.54608399,12.6006909,,1139478,6.056705945,955205,5.980096587,756786,5.878973089,198419,5.297583257,285284,5.455277415,310363,5.491869941,,-7.881088856,-7.774233891,-7.626935535,-6.938663406,-7.090806571,-7.108820961,,1139478,6.056705945,955205,5.980096587,756786,5.878973089,198419,5.297583257,285284,5.455277415,310363,5.491869941,,-55.33891918,-35.46974856,,,0.17041565,-0.00279725,0.218524898,-0.001967085,-55.50933483,-55.33612193,,,,,,,0.015193135,-7.63E-03,0.015604491,-1.12E-02,-35.4849417,-3.55E+01,,,,,,,0.015193135,-0.004785691,0.015604491,-0.005162973,6.041512809,6.06E+00,,,,,,,0.021278661,-0.004191722,0.022535253,-0.00394054,5.958817926,5.984288309,,,,,,,0.028425433,0.003573972,0.025716029,-0.00011641,5.850547657,5.875399117,,,,,,,-0.003579676,-0.030593936,0.012584251,-0.015496361,5.301162933,5.328177192,,,,,6.392794457,,,0.019645361,-0.003522891,-0.001570435,-0.025653224,5.435632054,5.458800306,,,,,,,0.032775539,0.009695838,0.019039059,-0.004951683,5.459094402,5.482174104,,,,,,,-0.007759526,7.39E-05,-0.004050962,-0.003882355,0.007122135,-0.04365841,-0.011464308,-0.010349561,,0.583027185,0.815872102,0.649607089,0.744142522,0.749579245,0.91947315,0.505361602,0.298562634,
2002,1190601,6.075766243,-24452,-2.1,-30667,-2.6,41228,-29416,-1251,2002,15,2002,43007794,39972961,3034.833,32544118,46298263,-13754.145,20678630,22961387,-2282.757,27803809,30046604,-2242.795,2258489,16212725,-13954.236,,1190601,6.075766243,1002360,6.001023727,785779,5.895300418,216581,5.335620355,287071,5.457989322,317738,5.502069158,,,1190601,6.075766243,,,-24452,-30667,,-0.02070059,-0.025962088,,,,13.98206038,13.80139155,13.55091637,12.29042786,12.60166648,12.65747945,,1190601,6.075766243,1002360,6.001023727,785779,5.895300418,216581,5.335620355,287071,5.457989322,317738,5.502069158,,-7.906294134,-7.800367825,-7.655615954,-6.954807501,-7.14367716,-7.155410297,,1190601,6.075766243,1002360,6.001023727,785779,5.895300418,216581,5.335620355,287071,5.457989322,317738,5.502069158,,-56.38119178,-34.79438017,,,0.218524898,-0.001967085,0.361499712,0.001600576,-56.59971667,-56.37922469,,,,,,,0.015604491,-1.12E-02,0.020688665,-7.47E-03,-34.80998466,-3.48E+01,,,,,,,0.015604491,-0.005162973,0.020688665,-0.000341678,6.060161752,6.08E+00,,,,,,,0.022535253,-0.00394054,0.027355746,0.000544816,5.978488474,6.004964267,,,,,,,0.025716029,-0.00011641,0.026955983,0.000796551,5.869584389,5.895416828,,,,,,,0.012584251,-0.015496361,0.030157803,0.00172174,5.323036104,5.351116716,,,,,3.001441359,,,-0.001570435,-0.025653224,-0.006379235,-0.030766868,5.459559757,5.483642546,,,,,,,0.019039059,-0.004951683,0.008492091,-0.015802332,5.483030099,5.507020841,,,,,,,-0.005459659,-3.27E-03,-0.00185566,-0.002717296,0.007777245,-0.040046599,0.007705448,0.013237431,,,,,,,,,,
2003,1257475,6.09949936,-22192,-1.8,-27695,-2.2,31699,-32721,5026,2003,16,2003,48080700,39360303,8720.397,33294860,54010770,-20715.91,21711620,25637191,-3925.571,30225249,33251079,-3025.83,3159566,20189144,-17029.578,,1257475,6.09949936,1060510,6.025514768,823336,5.915577105,237174,5.375067078,299991,5.477108226,327686,5.515457887,,,1257475,6.09949936,,,-22192,-27695,,-0.017988945,-0.022449704,,,,14.025485,13.84738906,13.59480669,12.34374658,12.65645888,12.71330878,,1257475,6.09949936,1060510,6.025514768,823336,5.915577105,237174,5.375067078,299991,5.477108226,327686,5.515457887,,-7.92598564,-7.821874296,-7.679229589,-6.968679506,-7.179350652,-7.197850895,,1257475,6.09949936,1060510,6.025514768,823336,5.915577105,237174,5.375067078,299991,5.477108226,327686,5.515457887,,-50.21412699,-34.14433924,,,0.361499712,0.001600576,0.186127609,-0.003227769,-50.57562671,-50.21572757,,,,,,,0.020688665,-7.47E-03,0.023156405,-1.10E-02,-34.1650279,-3.41E+01,,,,,,,0.020688665,-0.000341678,0.023156405,0.002388941,6.078810695,6.10E+00,,,,,,,0.027355746,0.000544816,0.031752021,0.005276229,5.998159022,6.024969952,,,,,,,0.026955983,0.000796551,0.028664333,0.002831894,5.888621122,5.914780554,,,,,,,0.030157803,0.00172174,0.043689409,0.015608797,5.344909275,5.373345338,,,,,-5.039069803,,,-0.006379235,-0.030766868,-0.011818104,-0.035900892,5.483487461,5.507875094,,,,,,,0.008492091,-0.015802332,0.0090298,-0.014960943,5.506965796,5.531260219,,,,,,,-0.00279725,-7.63E-03,-0.004785691,-0.004191722,0.003573972,-0.030593936,-0.003522891,0.009695838,,STD. DEVIATION of X/STD. DEVIATION of GDP,,,,,,,,
2004,1320128,6.120616043,-30678,-2.3,-33644,-2.5,-49896,-35726,2082,2004,17,2004,52566911,42432427,10134.484,39456155,64884601,-25428.446,21910321,33011608,-11101.287,33803111,36953735,-3150.624,4358313,26342081,-21983.768,,1320128,6.120616043,1120938,6.049581592,863619,5.936322188,257319,5.410471855,313038,5.49559706,346682,5.539931293,,,1320128,6.120616043,,,-30678,-33644,,-0.023831692,-0.02613578,,,,14.06804005,13.89228708,13.63759286,12.39599277,12.71051274,12.76817106,,1320128,6.120616043,1120938,6.049581592,863619,5.936322188,257319,5.410471855,313038,5.49559706,346682,5.539931293,,-7.947424003,-7.842705487,-7.701270676,-6.98552092,-7.214915683,-7.228239764,,1320128,6.120616043,1120938,6.049581592,863619,5.936322188,257319,5.410471855,313038,5.49559706,346682,5.539931293,,-68.14439442,-33.51909876,,,0.186127609,-0.003227769,0.359074439,0.001499523,-68.33052203,-68.14116665,,,,,,,0.023156405,-1.10E-02,0.02886207,-9.69E-03,-33.54225517,-3.35E+01,,,,,,,0.023156405,0.002388941,0.02886207,0.008883244,6.097459638,6.12E+00,,,,,,,0.031752021,0.005276229,0.034677697,0.009207314,6.017829571,6.044305363,,,,,,,0.028664333,0.002831894,0.030314234,0.005462774,5.907657856,5.933490295,,,,,,,0.043689409,0.015608797,0.050760769,0.02374651,5.366782446,5.394863058,,,,,6.533771759,,,-0.011818104,-0.035900892,0.01110908,-0.012059173,5.507415164,5.531497952,,,,,,,0.0090298,-0.014960943,0.027505759,0.004426057,5.530901494,5.554892236,,,,,,,-0.001967085,-1.12E-02,-0.005162973,-0.00394054,-0.00011641,-0.015496361,-0.025653224,-0.004951683,,,,,,,,,,
2005,1396274,6.144970651,-27213,-1.9,-33546,-2.4,-40429,-36304,2758,2005,18,2005,56352330,41318803,15033.527,41463770,67660893,-26197.123,22436868,34850529,-12413.661,33986862,37135456,-3148.594,5064729,31785924,-26721.195,,1396274,6.144970651,1180804,6.072177816,905751,5.957008822,275053,5.439416386,348700,5.542451947,382246,5.582342949,,,1396274,6.144970651,,,-27213,-33546,,-0.020277188,-0.024996088,,,,14.10970885,13.93606646,13.6793046,12.44697686,12.76385155,12.82205001,,1396274,6.144970651,1180804,6.072177816,905751,5.957008822,275053,5.439416386,348700,5.542451947,382246,5.582342949,,-7.964738202,-7.863888643,-7.72229578,-7.007560469,-7.221399603,-7.239707065,,1396274,6.144970651,1180804,6.072177816,905751,5.957008822,275053,5.439416386,348700,5.542451947,382246,5.582342949,,-59.36360827,-32.91797482,,,0.359074439,0.001499523,0.053428096,-0.006302398,-59.72268271,-59.36510779,,,,,,,0.02886207,-9.69E-03,0.034011825,-6.24E-03,-32.94683689,-3.29E+01,,,,,,,0.02886207,0.008883244,0.034011825,0.015347395,6.116108581,6.14E+00,,,,,,,0.034677697,0.009207314,0.035142855,0.011348155,6.037500119,6.062970502,,,,,,,0.030314234,0.005462774,0.029501907,0.006285411,5.926694588,5.951546048,,,,,,,0.050760769,0.02374651,0.055258423,0.030021418,5.388655617,5.415669877,,,,,2.673179813,,,0.01110908,-0.012059173,0.046485308,0.024841283,5.531342867,5.55451112,,,,,,,0.027505759,0.004426057,0.054707688,0.033146387,5.554837191,5.577916892,,,,,,,0.001600576,-7.47E-03,-0.000341678,0.000544816,0.000796551,0.00172174,-0.030766868,-0.015802332,,std_dev_cyc_CA_quad/std_dev_cyc_GDP_quad,std_dev_cyc_TB_quad/std_dev_cyc_GDP_quad,std_dev_cyc_CONS_quad/std_dev_cyc_GDP_quad,std_dev_cyc_INV_quad/std_dev_cyc_GDP_quad,std_dev_cyc_GOVT_quad/std_dev_cyc_GDP_quad,std_dev_cyc_EXP_quad/std_dev_cyc_GDP_quad,std_dev_cyc_IM_quad/std_dev_cyc_GDP_quad,,
2006,1474923,6.168769348,-41113,-2.8,-30292,-2.1,-125228,-28124,-2168,2006,19,2006,59070039,48180992,10889.047,46203152,72723121,-26519.969,25484589,38003344,-12518.755,37258357,39382774,-2124.417,6027865,36976088,-30948.223,,1474923,6.168769348,1236840,6.092313522,944568,5.975233228,292272,5.465787211,399720,5.601755879,430012,5.633480575,,,1474923,6.168769348,,,-41113,-30292,,-0.029410284,-0.021669456,,,,14.15049051,13.97873143,13.71999119,12.49654805,12.8164635,12.87492189,,1474923,6.168769348,1236840,6.092313522,944568,5.975233228,292272,5.465787211,399720,5.601755879,430012,5.633480575,,-7.981721157,-7.886417909,-7.744757957,-7.030760841,-7.214707623,-7.24144131,,1474923,6.168769348,1236840,6.092313522,944568,5.975233228,292272,5.465787211,399720,5.601755879,430012,5.633480575,,-88.11120497,-32.3400891,,,0.053428096,-0.006302398,-0.138639233,-0.010754811,-88.16463307,-88.10490257,,,,,,,0.034011825,-6.24E-03,0.036874795,-5.55E-03,-32.37410092,-3.23E+01,,,,,,,0.034011825,0.015347395,0.036874795,0.02005052,6.134757524,6.15E+00,,,,,,,0.035142855,0.011348155,0.034777126,0.013328383,6.057170667,6.080965367,,,,,,,0.029501907,0.006285411,0.030256067,0.009328522,5.945731321,5.968947817,,,,,,,0.055258423,0.030021418,0.051115447,0.028366596,5.410528788,5.435765794,,,,,1.956124633,,,0.046485308,0.024841283,0.013168376,-0.006341731,5.555270571,5.576914596,,,,,,,0.054707688,0.033146387,0.022449468,0.00301393,5.578772888,5.600334188,,,,,,,-0.003227769,-1.10E-02,0.002388941,0.005276229,0.002831894,0.015608797,-0.035900892,-0.014960943,,1.044665947,1.000104684,0.827517193,1.064222889,2.876137021,2.424205929,1.965799387,,
2007,1549820,6.190281261,-51432,-3.3,-30679,-2,-135970,-32921,2242,2007,20,2007,64565955,53228637,11337.318,49035995,89162360,-40126.365,29920870,45802569,-15881.699,35890737,44577687,-8686.95,7571160,46624661,-39053.501,,1549820,6.190281261,1293059,6.111618341,988608,5.995024121,304451,5.483517405,391171,5.59236665,421850,5.625158053,,,1549820,6.190281261,,,-51432,-30679,,-0.035352258,-0.021087493,,,,14.19040884,14.02031475,13.75972515,12.54460418,12.86833562,12.92678276,,1549820,6.190281261,1293059,6.111618341,988608,5.995024121,304451,5.483517405,391171,5.59236665,421850,5.625158053,,-8.000127583,-7.908696407,-7.764701032,-7.061086777,-7.275968972,-7.301624703,,1549820,6.190281261,1293059,6.111618341,988608,5.995024121,304451,5.483517405,391171,5.59236665,421850,5.625158053,,-108.3318898,-31.78426305,,,-0.138639233,-0.010754811,-0.338688676,-0.015066064,-108.1932506,-108.321135,,,,,,,0.036874795,-5.55E-03,0.029322868,-6.98E-03,-31.82113785,-3.18E+01,,,,,,,0.036874795,0.02005052,0.029322868,0.014864507,6.153406466,6.17E+00,,,,,,,0.034777126,0.013328383,0.032655566,0.014223052,6.076841215,6.098289958,,,,,,,0.030256067,0.009328522,0.025343017,0.007358408,5.964768053,5.985695599,,,,,,,0.051115447,0.028366596,0.057731153,0.038181359,5.432401958,5.455150809,,,,,1.414756108,,,0.013168376,-0.006341731,0.029445694,0.012679196,5.579198274,5.598708381,,,,,,,0.022449468,0.00301393,0.039233954,0.022531539,5.602708585,5.622144123,,,,,,,0.001499523,-9.69E-03,0.008883244,0.009207314,0.005462774,0.02374651,-0.012059173,0.004426057,,,,,,,,,,
2008,1589931,6.201378277,-62499,-3.9,-34204,-2.2,141752,-30537,-3667,2008,21,2008,64949101,55612022,9337.079,52772180,83221356,-30449.176,35878061,47089389,-11211.328,34765186,44310404,-9545.218,9045375,50330871,-41285.496,,1589931,6.201378277,1346379,6.129167329,1021287,6.009147804,325092,5.512006282,429113,5.632571672,463317,5.665878236,,,1589931,6.201378277,,,-62499,-34204,,-0.041311458,-0.022608635,,,,14.22952123,14.06088,13.7986031,12.59109862,12.91950622,12.97768912,,1589931,6.201378277,1346379,6.129167329,1021287,6.009147804,325092,5.512006282,429113,5.632571672,463317,5.665878236,,-8.02814295,-7.931712674,-7.789455293,-7.079092336,-7.286934552,-7.311810883,,1589931,6.201378277,1346379,6.129167329,1021287,6.009147804,325092,5.512006282,429113,5.632571672,463317,5.665878236,,-129.4252231,-31.24892585,,,-0.338688676,-0.015066064,0.018200044,-0.004757836,-129.0865344,-129.410157,,,,,,,0.029322868,-6.98E-03,-0.001056295,-1.15E-04,-31.27824872,-3.12E+01,,,,,,,0.029322868,0.014864507,-0.001056295,-0.012622983,6.172055409,6.19E+00,,,,,,,0.032655566,0.014223052,0.011280795,-0.003465216,6.096511763,6.114944277,,,,,,,0.025343017,0.007358408,-0.002758577,-0.017146265,5.983804786,6.001789396,,,,,,,0.057731153,0.038181359,0.05649781,0.040857975,5.45427513,5.473824923,,,,,2.568625982,,,0.029445694,0.012679196,-0.016244521,-0.02965772,5.603125978,5.619892476,,,,,,,0.039233954,0.022531539,-0.014103116,-0.027465048,5.626644281,5.643346697,,,,,,,-0.006302398,-6.24E-03,0.015347395,0.011348155,0.006285411,0.030021418,0.024841283,0.033146387,,,,,,,,,,
2009,1547562,6.189648057,-51580,-3.3,-24849,-1.6,-250271,-28850,4001,2009,22,2009,52577791,46594758,5983.033,38836354,62872024,-24035.67,27529367,33710945,-6181.578,28184567,33591911,-5407.344,8031529,43434342,-35402.813,,1547562,6.189648057,1341106,6.127463106,1000191,6.000082942,340915,5.53264611,408140,5.61080916,432989,5.636476863,,,1547562,6.189648057,,,-51580,-24849,,-0.032809563,-0.01580622,,,,14.26792454,14.10052341,13.83674932,12.63603577,12.97001897,13.02771348,,1547562,6.189648057,1341106,6.127463106,1000191,6.000082942,340915,5.53264611,408140,5.61080916,432989,5.636476863,,-8.078276479,-7.973060308,-7.836666376,-7.103389662,-7.359209806,-7.391236612,,1547562,6.189648057,1341106,6.127463106,1000191,6.000082942,340915,5.53264611,408140,5.61080916,432989,5.636476863,,-105.0470542,-30.73206763,,,0.018200044,-0.004757836,0.112283399,-0.001095176,-105.0652543,-105.0422964,,,,,,,-0.001056295,-1.15E-04,-0.004711116,-3.85E-03,-30.73101133,-3.07E+01,,,,,,,-0.001056295,-0.012622983,-0.004711116,-0.012860374,6.190704352,6.20E+00,,,,,,,0.011280795,-0.003465216,0.002822383,-0.007566852,6.116182311,6.130928322,,,,,,,-0.002758577,-0.017146265,-0.009367503,-0.019504283,6.00284152,6.017229207,,,,,,,0.05649781,0.040857975,0.042250428,0.031231453,5.476148301,5.491788135,,,,,-3.236792271,,,-0.016244521,-0.02965772,0.005065044,-0.004385164,5.627053681,5.64046688,,,,,,,-0.014103116,-0.027465048,0.011159794,0.001745705,5.650579979,5.663941912,,,,,,,-0.010754811,-5.55E-03,0.02005052,0.013328383,0.009328522,0.028366596,-0.006341731,0.00301393,,,,,,,,,,
2010,1601925,6.204642179,-50796,-3.2,-31980,-2,-126763,-30078,-1902,2010,23,2010,57846613,50234550,7612.063,44119716,71386898,-27267.182,31748565,40625946,-8877.381,31322863,36170124,-4847.261,11169243,52398421,-41229.178,,1601925,6.204642179,1376180,6.138675242,1029226,6.012510749,346954,5.540271899,452946,5.656046429,484926,5.68567547,,,1601925,6.204642179,,,-50796,-31980,,-0.031111623,-0.019587166,,,,14.3057467,14.13937373,13.87431185,12.67948303,13.01994875,13.07697113,,1601925,6.204642179,1376180,6.138675242,1029226,6.012510749,346954,5.540271899,452946,5.656046429,484926,5.68567547,,-8.101104524,-8.000698487,-7.861801101,-7.139211136,-7.363902317,-7.391295662,,1601925,6.204642179,1376180,6.138675242,1029226,6.012510749,346954,5.540271899,452946,5.656046429,484926,5.68567547,,-101.76498,-30.23138729,,,0.112283399,-0.001095176,0.696701164,0.014885536,-101.8772634,-101.7638849,,,,,,,-0.004711116,-3.85E-03,-0.007950402,6.89E-03,-30.22667618,-3.02E+01,,,,,,,-0.004711116,-0.012860374,-0.007950402,-0.012156471,6.209353295,6.22E+00,,,,,,,0.002822383,-0.007566852,-0.004784462,-0.010146648,6.135852859,6.146242094,,,,,,,-0.009367503,-0.019504283,-0.01279127,-0.018023157,6.021878252,6.032015032,,,,,,,0.042250428,0.031231453,0.021738261,0.016051048,5.498021471,5.509040445,,,,,-2.428502827,,,0.005065044,-0.004385164,0.032281127,0.0274036,5.650981385,5.660431593,,,,,,,0.011159794,0.001745705,0.021353733,0.016494848,5.674515676,5.683929765,,,,,,,-0.015066064,-6.98E-03,0.014864507,0.014223052,0.007358408,0.038181359,0.012679196,0.022531539,,,,,,,,,,
2011,1659785,6.220051835,-29243,-1.8,-15018,-0.9,-191804,-22398,7380,2011,24,2011,62677654,51543252,11134.402,53169604,80567265,-27397.661,36658501,45623093,-8964.592,37263384,39097117,-1833.733,14065606,56807417,-42741.811,,1659785,6.220051835,1414943,6.150738945,1066900,6.028123715,348043,5.541632903,509554,5.707190215,524572,5.719805106,,,1659785,6.220051835,,,-29243,-15018,,-0.017254017,-0.008860952,,,,14.34310583,14.177565,13.91142557,12.72157239,13.0693388,13.12554661,,1659785,6.220051835,1414943,6.150738945,1066900,6.028123715,348043,5.541632903,509554,5.707190215,524572,5.719805106,,-8.123053993,-8.026826057,-7.883301852,-7.179939486,-7.362148581,-7.405741506,,1659785,6.220051835,1414943,6.150738945,1066900,6.028123715,348043,5.541632903,509554,5.707190215,524572,5.719805106,,-57.64271041,-29.74484492,,,0.696701164,0.014885536,0.068215969,0.001015309,-58.33941157,-57.65759595,,,,,,,-0.007950402,6.89E-03,-0.013066251,4.34E-03,-29.73689452,-2.98E+01,,,,,,,-0.007950402,-0.012156471,-0.013066251,-0.012803372,6.228002238,6.23E+00,,,,,,,-0.004784462,-0.010146648,-0.010491128,-0.010155991,6.155523407,6.160885593,,,,,,,-0.01279127,-0.018023157,-0.016432258,-0.016105265,6.040914985,6.046146872,,,,,,,0.021738261,0.016051048,0.009410056,0.009765507,5.519894643,5.525581855,,,,,-1.320370717,,,0.032281127,0.0274036,0.01150909,0.011813935,5.674909088,5.679786615,,,,,,,0.021353733,0.016494848,0.004618715,0.004922395,5.698451373,5.703310257,,,,,,,-0.004757836,-1.15E-04,-0.012622983,-0.003465216,-0.017146265,0.040857975,-0.02965772,-0.027465048,,,,,,,,,,
2012,1712320,6.233584929,-58752,-3.4,-20072,-1.2,-481319,-37946,17874,2012,25,2012,64195617,61329451,2866.166,52046679,83087742,-31041.063,37848605,47729718,-9881.113,34477025,37745972,-3268.947,15688191,56267400,-40579.209,,1712320,6.233584929,1461177,6.164702827,1105400,6.04351946,355777,5.551177869,513270,5.710345881,533342,5.727005785,,,1712320,6.233584929,,,-58752,-20072,,-0.033405736,-0.011412717,,,,14.38010812,14.21522844,13.9482066,12.76248424,13.11823459,13.17353368,,1712320,6.233584929,1461177,6.164702827,1105400,6.04351946,355777,5.551177869,513270,5.710345881,533342,5.727005785,,-8.146523188,-8.050525611,-7.904687141,-7.21130637,-7.40788871,-7.446527892,,1712320,6.233584929,1461177,6.164702827,1105400,6.04351946,355777,5.551177869,513270,5.710345881,533342,5.727005785,,-113.9635739,-29.27066873,,,0.068215969,0.001015309,-0.457271212,-0.009634796,-114.0317898,-113.9645892,,,,,,,-0.013066251,4.34E-03,-0.01436586,3.26E-03,-29.25760248,-2.93E+01,,,,,,,-0.013066251,-0.012803372,-0.01436586,-0.009108274,6.24665118,6.25E+00,,,,,,,-0.010491128,-0.010155991,-0.014633653,-0.007930921,6.175193955,6.174858818,,,,,,,-0.016432258,-0.016105265,-0.016130561,-0.009590703,6.059951718,6.059624725,,,,,,,0.009410056,0.009765507,-0.008991946,-0.00188293,5.541767813,5.541412362,,,,,-0.762729291,,,0.01150909,0.011813935,0.004604311,0.01070122,5.698836791,5.698531946,,,,,,,0.004618715,0.004922395,-0.000827164,0.005246441,5.72238707,5.72208339,,,,,,,-0.001095176,-3.85E-03,-0.012860374,-0.007566852,-0.019504283,0.031231453,-0.004385164,0.001745705,,,,,,,,,,
2013,1782109,6.250934263,-84834,-4.8,-22751,-1.3,-316763,-51670,28919,2013,26,2013,62795007,54494354,8300.653,48040601,88849201,-40808.6,37343498,53787175,-16443.677,35028468,40823512,-5795.044,18119205,57587865,-39468.66,,1782109,6.250934263,1514366,6.18023085,1155734,6.06285789,358632,5.554649038,533788,5.727368806,556539,5.745495603,,,1782109,6.250934263,,,-84834,-22751,,-0.04649572,-0.012469342,,,,14.41684671,14.25248589,13.98475161,12.80242305,13.16672657,13.22105409,,1782109,6.250934263,1514366,6.18023085,1155734,6.06285789,358632,5.554649038,533788,5.727368806,556539,5.745495603,,-8.165912443,-8.072255042,-7.921893719,-7.247774013,-7.439357765,-7.475558483,,1782109,6.250934263,1514366,6.18023085,1155734,6.06285789,358632,5.554649038,533788,5.727368806,556539,5.745495603,,-161.9511447,-28.80735052,,,-0.457271212,-0.009634796,-0.446794462,-0.007001044,-161.4938735,-161.9415099,,,,,,,-0.01436586,3.26E-03,-0.013977553,1.97E-03,-28.79298466,-2.88E+01,,,,,,,-0.01436586,-0.009108274,-0.013977553,-0.003199502,6.265300123,6.26E+00,,,,,,,-0.014633653,-0.007930921,-0.018818007,-0.005077406,6.194864503,6.188161771,,,,,,,-0.016130561,-0.009590703,-0.018800149,-0.00539344,6.078988451,6.072448593,,,,,,,-0.008991946,-0.00188293,-0.018230113,-0.003656631,5.563640984,5.556531968,,,,,0.206727452,,,0.004604311,0.01070122,-0.021844747,-0.009346085,5.722764495,5.716667586,,,,,,,-0.000827164,0.005246441,-0.02466923,-0.012218338,5.746322768,5.740249162,,,,,,,0.014885536,6.89E-03,-0.012156471,-0.010146648,-0.018023157,0.016051048,0.0274036,0.016494848,,,,,,,,,,
2014,1861965,6.269971513,-87925,-4.7,-25961,-1.4,-424815,-55458,29497,2014,27,2014,64197476,58616732,5580.744,52026088,100307000,-48280.912,36737709,53552199,-16814.49,32494140,43522704,-11028.564,26235500,64147254,-37911.754,,1861965,6.269971513,1569340,6.195717044,1200121,6.079225035,369219,5.567284042,530698,5.724847451,556659,5.745589235,,,1861965,6.269971513,,,-87925,-25961,,-0.046460232,-0.013717988,,,,14.45339802,14.28944642,14.02113694,12.84160553,13.21492413,13.26823796,,1861965,6.269971513,1569340,6.195717044,1200121,6.079225035,369219,5.567284042,530698,5.724847451,556659,5.745589235,,-8.183426505,-8.093729375,-7.941911906,-7.274321487,-7.490076682,-7.522648725,,1861965,6.269971513,1569340,6.195717044,1200121,6.079225035,369219,5.567284042,530698,5.724847451,556659,5.745589235,,-165.2085233,-28.35367207,,,-0.446794462,-0.007001044,-0.502676188,-0.005696089,-164.7617288,-165.2015222,,,,,,,-0.013977553,1.97E-03,-0.019999457,2.14E-03,-28.33969451,-2.84E+01,,,,,,,-0.013977553,-0.003199502,-0.019999457,-0.003175183,6.283949066,6.27E+00,,,,,,,-0.018818007,-0.005077406,-0.027498968,-0.006050225,6.214535051,6.20079445,,,,,,,-0.018800149,-0.00539344,-0.025084559,-0.004157013,6.098025184,6.084618475,,,,,,,-0.018230113,-0.003656631,-0.034893283,-0.012144433,5.585514155,5.570940673,,,,,1.142875021,,,-0.021844747,-0.009346085,-0.046303883,-0.026793776,5.746692198,5.734193536,,,,,,,-0.02466923,-0.012218338,-0.048723531,-0.029287993,5.770258465,5.757807573,,,,,,,0.001015309,4.34E-03,-0.012803372,-0.010155991,-0.016105265,0.009765507,0.011813935,0.004922395,,,,,,,,,,
2015,1916896,6.282598551,-94036,-4.9,-26458,-1.4,-434649,-69404,42946,2015,28,2015,69381207,58066454,11314.753,46631518,94348064,-47716.546,26457524,47549004,-21091.48,27275622,38703822,-11428.2,27625409,62979614,-35354.205,,1916896,6.282598551,1609558,6.206706631,1235883,6.091977358,373675,5.572494043,530049,5.724316019,556507,5.745470631,,,1916896,6.282598551,,,-94036,-26458,,-0.047911928,-0.013480516,,,,14.48982376,14.32620534,14.05742363,12.88024064,13.26294981,13.3152207,,1916896,6.282598551,1609558,6.206706631,1235883,6.091977358,373675,5.572494043,530049,5.724316019,556507,5.745470631,,-8.207225209,-8.119498708,-7.965446275,-7.3077466,-7.538633792,-7.569750064,,1916896,6.282598551,1609558,6.206706631,1235883,6.091977358,373675,5.572494043,530049,5.724316019,556507,5.745470631,,-173.9177461,-27.90866039,,,-0.502676188,-0.005696089,-0.639132539,-0.005962202,-173.4150699,-173.91205,,,,,,,-0.019999457,2.14E-03,-0.021200007,-3.53E-04,-27.88866093,-2.79E+01,,,,,,,-0.019999457,-0.003175183,-0.021200007,0.002196249,6.302598009,6.29E+00,,,,,,,-0.027498968,-0.006050225,-0.028418765,0.001408394,6.234205599,6.212756856,,,,,,,-0.025084559,-0.004157013,-0.022472448,0.006629921,6.117061917,6.096134372,,,,,,,-0.034893283,-0.012144433,-0.047740911,-0.016105791,5.607387326,5.584638476,,,,,3.824797689,,,-0.046303883,-0.026793776,-0.040582504,-0.013451262,5.770619902,5.751109795,,,,,,,-0.048723531,-0.029287993,-0.040107468,-0.013079923,5.794194162,5.774758624,,,,,,,-0.009634796,3.26E-03,-0.009108274,-0.007930921,-0.009590703,-0.00188293,0.01070122,0.005246441,,,,,,,,,,
2016,1995478,6.300046944,-103992,-5.2,-32323,-1.6,6288,-70174,37851,2016,29,2016,61568659,57103332,4465.327,43797384,88077491,-44280.107,25484748,47382169,-21897.421,26461828,35949857,-9488.029,18142280,59575883,-41433.603,,1995478,6.300046944,1680573,6.225457382,1299051,6.113626202,381522,5.581519586,567499,5.753965101,599822,5.778022391,,,1995478,6.300046944,,,-103992,-32323,,-0.051093079,-0.015880852,,,,14.52617548,14.36284342,14.09365822,12.91852333,13.31090553,13.36211361,,1995478,6.300046944,1680573,6.225457382,1299051,6.113626202,381522,5.581519586,567499,5.753965101,599822,5.778022391,,-8.226128539,-8.137386037,-7.980032018,-7.337003743,-7.556940434,-7.584091217,,1995478,6.300046944,1680573,6.225457382,1299051,6.113626202,381522,5.581519586,567499,5.753965101,599822,5.778022391,,-189.3186164,-27.47151628,,,-0.639132539,-0.005962202,0.120278076,0.013946041,-188.6794838,-189.3126542,,,,,,,-0.021200007,-3.53E-04,-0.023575946,3.51E-03,-27.45031627,-2.75E+01,,,,,,,-0.021200007,0.002196249,-0.023575946,0.006918051,6.321246951,6.30E+00,,,,,,,-0.028418765,0.001408394,-0.034614832,0.004261015,6.253876147,6.224048988,,,,,,,-0.022472448,0.006629921,-0.025811315,0.012119861,6.136098649,6.106996281,,,,,,,-0.047740911,-0.016105791,-0.063796559,-0.022564268,5.629260497,5.597625377,,,,,-7.333316016,,,-0.040582504,-0.013451262,-0.019765979,0.01559609,5.794547605,5.767416363,,,,,,,-0.040107468,-0.013079923,-0.02634705,0.008879863,5.818129858,5.791102313,,,,,,,-0.007001044,1.97E-03,-0.003199502,-0.005077406,-0.00539344,-0.003656631,-0.009346085,-0.012218338,,,,,,,,,,
2017,2071667,6.316319948,-72306,-3.5,-25127,-1.2,-208133,-64521,39394,2017,30,2017,59098116,58827516,270.6,46663005,89639326,-42976.321,27556388,51347897,-23791.509,30381011,36458563,-6077.552,21382916,59860984,-38478.068,,2071667,6.316319948,1733532,6.238931863,1346865,6.129324067,386667,5.587337109,629085,5.79870933,654212,5.815718506,,,2071667,6.316319948,,,-72306,-25127,,-0.034258259,-0.01190506,,,,14.56248998,14.39941972,14.1298684,12.95661783,13.35884184,13.4089744,,2071667,6.316319948,1733532,6.238931863,1346865,6.129324067,386667,5.587337109,629085,5.79870933,654212,5.815718506,,-8.246170034,-8.160487858,-8.000544334,-7.369280723,-7.560132507,-7.593255889,,2071667,6.316319948,1733532,6.238931863,1346865,6.129324067,386667,5.587337109,629085,5.79870933,654212,5.815718506,,-129.574156,-27.04165648,,,0.120278076,0.013946041,-0.031203642,0.013573357,-129.694434,-129.588102,,,,,,,-0.023575946,3.51E-03,-0.027258481,1.67E-03,-27.01808053,-2.70E+01,,,,,,,-0.023575946,0.006918051,-0.027258481,0.010859016,6.339895894,6.31E+00,,,,,,,-0.034614832,0.004261015,-0.037888525,0.010706284,6.273546695,6.234670848,,,,,,,-0.025811315,0.012119861,-0.026804079,0.020609891,6.155135383,6.117204207,,,,,,,-0.063796559,-0.022564268,-0.075059485,-0.023519121,5.651133668,5.609901377,,,,,-3.261650774,,,-0.019765979,0.01559609,-0.025182835,0.019019751,5.818475309,5.78311324,,,,,,,-0.02634705,0.008879863,-0.029509403,0.014524238,5.842065556,5.806838643,,,,,,,-0.005696089,2.14E-03,-0.003175183,-0.006050225,-0.004157013,-0.012144433,-0.026793776,-0.029287993,,,,,,,,,,
2018,2144304,6.331286356,-82868,-3.9,-29787,-1.4,-275139,-65947,36160,2018,31,2018,65982646,63284152,2698.494,47508805,92086833,-44578.028,34526295,55878866,-21352.571,32080306,37848201,-5767.895,27700751,63381667,-35680.916,,2144304,6.331286356,1800233,6.255328718,1404003,6.147368036,396230,5.597947354,656478,5.817220177,686265,5.83649185,,,2144304,6.331286356,,,-82868,-29787,,-0.037862753,-0.013609811,,,,14.59879169,14.43597568,14.16607156,12.99464677,13.40677056,13.45582468,,2144304,6.331286356,1800233,6.255328718,1404003,6.147368036,396230,5.597947354,656478,5.817220177,686265,5.83649185,,-8.267505335,-8.180646961,-8.018703528,-7.39669942,-7.589550384,-7.619332829,,2144304,6.331286356,1800233,6.255328718,1404003,6.147368036,396230,5.597947354,656478,5.817220177,686265,5.83649185,,-146.178662,-26.61867077,,,-0.031203642,0.013573357,,,-146.1474584,-146.1922354,,,,,,,-0.027258481,1.67E-03,,,-26.59141229,-2.66E+01,,,,,,,-0.027258481,0.010859016,,,6.358544836,6.32E+00,,,,,,,-0.037888525,0.010706284,,,6.293217243,6.244622434,,,,,,,-0.026804079,0.020609891,,,6.174172115,6.126758145,,,,,,,-0.075059485,-0.023519121,,,5.673006839,5.621466475,,,,,-2.165861162,,,-0.025182835,0.019019751,,,5.842403012,5.798200426,,,,,,,-0.029509403,0.014524238,,,5.866001253,5.821967612,,,,,,,-0.005962202,-3.53E-04,0.002196249,0.001408394,0.006629921,-0.016105791,-0.013451262,-0.013079923,,,,,,,,,,
,,,,,,,,,,,,,,,,,,,,,,,,,,,,,,,,,,,,,,,,,,,,,,,,,,,,,,,,,,,,,,,,,,,,,,,,,,,,,,,,,,,,,,,,,,,,,,,,,,,,,,,,,,,,,,,,,,,,,,,,,,,,,,,,,,,,,,,,,,,,,,,,,,,,,,,,,,,,,,,,,,,,,,,,,,,,,,,,,,,,,,,,,,,,,,,,,,,,0.013946041,3.51E-03,0.006918051,0.004261015,0.012119861,-0.022564268,0.01559609,0.008879863,,,,,,,,,,
,,,,,,,,,,,,,,,,,,,,,,,,,,,,,,,,,,,,,,,,,,,,,,,,,,,,,,,,,,,,,,,,,,,,,,,,,,,,,,,,,,,,,,,,,,,,,,,,,,,,,,,,,,,,,,,,,,,,,,,,,,,,,,,,,,,,,,,,,,,,,,,,,,,,,,,,,,,,,,,,,,,,,,,,,,,,,,,,,,,,,,,,,,,,,,,,,,,,0.013573357,1.67E-03,0.010859016,0.010706284,0.020609891,-0.023519121,0.019019751,0.014524238,,,,,,,,,,
,,,,,,,,,,,,,,,,,,,,,,,,,,,,,,,,,,,,,,,,,,,,,,,,,,,,,,,,,,,,,,,,,,,,,,,,,,,,,,,,,,,,,,,,,,,,,,,,,,,,,,,,,,,,,,,,,,,,,,,,,,,,,,,,,,,,,,,,,,,,,,,,,,,,,,,,,,,,,,,,,,,,,,,,,,,,,,,,,,,,,,,,,,,,,,,,,,,,,,,,,,,,,,,,,,,,,
,,,,,,,,,,,,,,,,,,,,,,,,,,,,,,,,,,,,,,,,,,,,,,,,,,,,,,,,,,,,,,,,,,,,,,,,,,,,,,,,,,,,,,,,,,,,,,,,,,,,,,,,,,,,,,,,,,,,,,,,,,,,,,,,,,,,,,,,,,,,,,,,,,,,,,,,,,,,,,,,,,,,,,,,,,,,,,,,,,,,,,,,,,,,,,,,,,,,,,,,,,,,,,,,,,,,,
,,,,,,,,,,,,,,,,,,,,,,,,,,,,,,,,,,,,,,,,,,,,,,,,,,,,,,,,,,,,,,,,,,,,,,,,,,,,,,,,,,,,,,,,,,,,,,,,,,,,,,,,,,,,,,,,,,,,,,,,,,,,,,,,,,,,,,,,,,,,,,,,,,,,,,,,,,,,,,,,,,,,,,,,,,,,,,,,,,,,,,,,,,,,,,,,,,,,,,,,,,,,,,,,,,,,,
,,,,,,,,,,,,,,,,,,,,,,,,,,,,,,,,,,,,,,,,,,,,,,,,,,,,,,,,,,,,,,,,,,,,,,,,,,,,,,,,,,,,,,,,,,,,,,,,,,,,,,,,,,,,,,,,,,,,,,,,,,,,,,,,,,,,,,,,,,,,,,,,,,,,,,,,,,,,,,,,,,,,,,,,,,,,,,,,,,,,,,,,,,,,,,,,,,,,,,,,,,,,,,,,,,,,,
,,,,,,,,,,,,,,,,,,,,,,,,,,,,,,,,,,,,,,,,,,,,,,,,,,,,,,,,,,,,,,,,,,,,,,,,,,,,,,,,,,,,,,,,,,,,,,,,,,,,,,,,,,,,,,,,,,,,,,,,,,,,,,,,,,,,,,,,,,,,,,,,,,,,,,,,,,,,,,,,,,,,,,,,,,,,,,,,,,,,,,,,,,,,,,,,,,,,,,,,,,,,,,,,,,,,,
,,,,,,,,,,,,,,,,,,,,,,,,,,,,,,,,,,,,,,,,,,,,,,,,,,,,,,,,,,,,,,,,,,,,,,,,,,,,,,,,,,,,,,,,,,,,,,,,,,,,,,,,,,,,,,,,,,,,,,,,,,,,,,,,,,,,,,,,,,,,,,,,,,,,,,,,,,,,,,,,,,,,,,,,,,,,,,,,,,,,,,,,,,,,,,,,,,,,,,,,,,,,,,,,,,,,,
,,,,,,,,,,,,,,,,,,,,,,,,,,,,,,,,,,,,,,,,,,,,,,,,,,,,,,,,,,,,,,,,,,,,,,,,,,,,,,,,,,,,,,,,,,,,,,,,,,,,,,,,,,,,,,,,,,,,,,,,,,,,,,,,,,,,,,,,,,,,,,,,,,,,,,,,,,,,,,,,,,,,,,,,,,,,,,,,,,,,,,,,,,,,,,,,,,,,,,,,,,,,,,,,,,,,,
,,,,,,,,,,,,,,,,,,,,,,,,,,,,,,,,,,,,,,,,,,,,,,,,,,,,,,,,,,,,,,,,,,,,,,,,,,,,,,,,,,,,,,,,,,,,,,,,,,,,,,,,,,,,,,,,,,,,,,,,,,,,,,,,,,,,,,,,,,,,,,,,,,,,,,,,,,,,,,,,,,,,,,,,,,,,,,,,,,,,,,,,,,,,,,,,,,,,,,,,,,,,,,,,,,,,,
,,,,,,,,,,,,,,,,,,,,,,,,,,,,,,,,,,,,,,,,,,,,,,,,,,,,,,,,,,,,,,,,,,,,,,,,,,,,,,,,,,,,,,,,,,,,,,,,,,,,,,,,,,,,,,,,,,,,,,,,,,,,,,,,,,,,,,,,,,,,,,,,,,,,,,,,,,,,,,,,,,,,,,,,,,,,,,,,,,,,,,,,,,,,,,,,,,,,,,,,,,,,,,,,,,,,,
,,,,,,,,,,,,,,,,,,,,,,,,,,,,,,,,,,,,,,,,,,,,,,,,,,,,,,,,,,,,,,,,,,,,,,,,,,,,,,,,,,,,,,,,,,,,,,,,,,,,,,,,,,,,,,,,,,,,,,,,,,,,,,,,,,,,,,,,,,,,,,,,,,,,,,,,,,,,,,,,,,,,,,,,,,,,,,,,,,,,,,,,,,,,,,,,,,,,,,,,,,,,,,,,,,,,,
,,,,,,,,,,,,,,,,,,,,,,,,,,,,,,,,,,,,,,,,,,,,,,,,,,,,,,,,,,,,,,,,,,,,,,,,,,,,,,,,,,,,,,,,,,,,,,,,,,,,,,,,,,,,,,,,,,,,,,,,,,,,,,,,,,,,,,,,,,,,,,,,,,,,,,,,,,,,,,,,,,,,,,,,,,,,,,,,,,,,,,,,,,,,,,,,,,,,,,,,,,,,,,,,,,,,,
,,,,,,,,,,,,,,,,,,,,,,,,,,,,,,,,,,,,,,,,,,,,,,,,,,,,,,,,,,,,,,,,,,,,,,,,,,,,,,,,,,,,,,,,,,,,,,,,,,,,,,,,,,,,,,,,,,,,,,,,,,,,,,,,,,,,,,,,,,,,,,,,,,,,,,,,,,,,,,,,,,,,,,,,,,,,,,,,,,,,,,,,,,,,,,,,,,,,,,,,,,,,,,,,,,,,,
,,,,,,,,,,,,,,,,,,,,,,,,,,,,,,,,,,,,,,,,,,,,,,,,,,,,,,,,,,,,,,,,,,,,,,,,,,,,,,,,,,,,,,,,,,,,,,,,,,,,,,,,,,,,,,,,,,,,,,,,,,,,,,,,,,,,,,,,,,,,,,,,,,,,,,,,,,,,,,,,,,,,,,,,,,,,,,,,,,,,,,,,,,,,,,,,,,,,,,,,,,,,,,,,,,,,,
,,,,,,,,,,,,,,,,,,,,,,,,,,,,,,,,,,,,,,,,,,,,,,,,,,,,,,,,,,,,,,,,,,,,,,,,,,,,,,,,,,,,,,,,,,,,,,,,,,,,,,,,,,,,,,,,,,,,,,,,,,,,,,,,,,,,,,,,,,,,,,,,,,,,,,,,,,,,,,,,,,,,,,,,,,,,,,,,,,,,,,,,,,,,,,,,,,,,,,,,,,,,,,,,,,,,,
,,,,,,,,,,,,,,,,,,,,,,,,,,,,,,,,,,,,,,,,,,,,,,,,,,,,,,,,,,,,,,,,,,,,,,,,,,,,,,,,,,,,,,,,,,,,,,,,,,,,,,,,,,,,,,,,,,,,,,,,,,,,,,,,,,,,,,,,,,,,,,,,,,,,,,,,,,,,,,,,,,,,,,,,,,,,,,,,,,,,,,,,,,,,,,,,,,,,,,,,,,,,,,,,,,,,,
,,,,,,,,,,,,,,,,,,,,,,,,,,,,,,,,,,,,,,,,,,,,,,,,,,,,,,,,,,,,,,,,,,,,,,,,,,,,,,,,,,,,,,,,,,,,,,,,,,,,,,,,,,,,,,,,,,,,,,,,,,,,,,,,,,,,,,,,,,,,,,,,,,,,,,,,,,,,,,,,,,,,,,,,,,,,,,,,,,,,,,,,,,,,,,,,,,,,,,,,,,,,,,,,,,,,,
,,,,,,,,,,,,,,,,,,,,,,,,,,,,,,,,,,,,,,,,,,,,,,,,,,,,,,,,,,,,,,,,,,,,,,,,,,,,,,,,,,,,,,,,,,,,,,,,,,,,,,,,,,,,,,,,,,,,,,,,,,,,,,,,,,,,,,,,,,,,,,,,,,,,,,,,,,,,,,,,,,,,,,,,,,,,,,,,,,,,,,,,,,,,,,,,,,,,,,,,,,,,,,,,,,,,,
,,,,,,,,,,,,,,,,,,,,,,,,,,,,,,,,,,,,,,,,,,,,,,,,,,,,,,,,,,,,,,,,,,,,,,,,,,,,,,,,,,,,,,,,,,,,,,,,,,,,,,,,,,,,,,,,,,,,,,,,,,,,,,,,,,,,,,,,,,,,,,,,,,,,,,,,,,,,,,,,,,,,,,,,,,,,,,,,,,,,,,,,,,,,,,,,,,,,,,,,,,,,,,,,,,,,,
,,,,,,,,,,,,,,,,,,,,,,,,,,,,,,,,,,,,,,,,,,,,,,,,,,,,,,,,,,,,,,,,,,,,,,,,,,,,,,,,,,,,,,,,,,,,,,,,,,,,,,,,,,,,,,,,,,,,,,,,,,,,,,,,,,,,,,,,,,,,,,,,,,,,,,,,,,,,,,,,,,,,,,,,,,,,,,,,,,,,,,,,,,,,,,,,,,,,,,,,,,,,,,,,,,,,,
,,,,,,,,,,,,,,,,,,,,,,,,,,,,,,,,,,,,,,,,,,,,,,,,,,,,,,,,,,,,,,,,,,,,,,,,,,,,,,,,,,,,,,,,,,,,,,,,,,,,,,,,,,,,,,,,,,,,,,,,,,,,,,,,,,,,,,,,,,,,,,,,,,,,,,,,,,,,,,,,,,,,,,,,,,,,,,,,,,,,,,,,,,,,,,,,,,,,,,,,,,,,,,,,,,,,,
,,,,,,,,,,,,,,,,,,,,,,,,,,,,,,,,,,,,,,,,,,,,,,,,,,,,,,,,,,,,,,,,,,,,,,,,,,,,,,,,,,,,,,,,,,,,,,,,,,,,,,,,,,,,,,,,,,,,,,,,,,,,,,,,,,,,,,,,,,,,,,,,,,,,,,,,,,,,,,,,,,,,,,,,,,,,,,,,,,,,,,,,,,,,,,,,,,,,,,,,,,,,,,,,,,,,,
,,,,,,,,,,,,,,,,,,,,,,,,,,,,,,,,,,,,,,,,,,,,,,,,,,,,,,,,,,,,,,,,,,,,,,,,,,,,,,,,,,,,,,,,,,,,,,,,,,,,,,,,,,,,,,,,,,,,,,,,,,,,,,,,,,,,,,,,,,,,,,,,,,,,,,,,,,,,,,,,,,,,,,,,,,,,,,,,,,,,,,,,,,,,,,,,,,,,,,,,,,,,,,,,,,,,,
,,,,,,,,,,,,,,,,,,,,,,,,,,,,,,,,,,,,,,,,,,,,,,,,,,,,,,,,,,,,,,,,,,,,,,,,,,,,,,,,,,,,,,,,,,,,,,,,,,,,,,,,,,,,,,,,,,,,,,,,,,,,,,,,,,,,,,,,,,,,,,,,,,,,,,,,,,,,,,,,,,,,,,,,,,,,,,,,,,,,,,,,,,,,,,,,,,,,,,,,,,,,,,,,,,,,,
,,,,,,,,,,,,,,,,,,,,,,,,,,,,,,,,,,,,,,,,,,,,,,,,,,,,,,,,,,,,,,,,,,,,,,,,,,,,,,,,,,,,,,,,,,,,,,,,,,,,,,,,,,,,,,,,,,,,,,,,,,,,,,,,,,,,,,,,,,,,,,,,,,,,,,,,,,,,,,,,,,,,,,,,,,,,,,,,,,,,,,,,,,,,,,,,,,,,,,,,,,,,,,,,,,,,,
,,,,,,,,,,,,,,,,,,,,,,,,,,,,,,,,,,,,,,,,,,,,,,,,,,,,,,,,,,,,,,,,,,,,,,,,,,,,,,,,,,,,,,,,,,,,,,,,,,,,,,,,,,,,,,,,,,,,,,,,,,,,,,,,,,,,,,,,,,,,,,,,,,,,,,,,,,,,,,,,,,,,,,,,,,,,,,,,,,,,,,,,,,,,,,,,,,,,,,,,,,,,,,,,,,,,,
,,,,,,,,,,,,,,,,,,,,,,,,,,,,,,,,,,,,,,,,,,,,,,,,,,,,,,,,,,,,,,,,,,,,,,,,,,,,,,,,,,,,,,,,,,,,,,,,,,,,,,,,,,,,,,,,,,,,,,,,,,,,,,,,,,,,,,,,,,,,,,,,,,,,,,,,,,,,,,,,,,,,,,,,,,,,,,,,,,,,,,,,,,,,,,,,,,,,,,,,,,,,,,,,,,,,,
,,,,,,,,,,,,,,,,,,,,,,,,,,,,,,,,,,,,,,,,,,,,,,,,,,,,,,,,,,,,,,,,,,,,,,,,,,,,,,,,,,,,,,,,,,,,,,,,,,,,,,,,,,,,,,,,,,,,,,,,,,,,,,,,,,,,,,,,,,,,,,,,,,,,,,,,,,,,,,,,,,,,,,,,,,,,,,,,,,,,,,,,,,,,,,,,,,,,,,,,,,,,,,,,,,,,,
,,,,,,,,,,,,,,,,,,,,,,,,,,,,,,,,,,,,,,,,,,,,,,,,,,,,,,,,,,,,,,,,,,,,,,,,,,,,,,,,,,,,,,,,,,,,,,,,,,,,,,,,,,,,,,,,,,,,,,,,,,,,,,,,,,,,,,,,,,,,,,,,,,,,,,,,,,,,,,,,,,,,,,,,,,,,,,,,,,,,,,,,,,,,,,,,,,,,,,,,,,,,,,,,,,,,,
,,,,,,,,,,,,,,,,,,,,,,,,,,,,,,,,,,,,,,,,,,,,,,,,,,,,,,,,,,,,,,,,,,,,,,,,,,,,,,,,,,,,,,,,,,,,,,,,,,,,,,,,,,,,,,,,,,,,,,,,,,,,,,,,,,,,,,,,,,,,,,,,,,,,,,,,,,,,,,,,,,,,,,,,,,,,,,,,,,,,,,,,,,,,,,,,,,,,,,,,,,,,,,,,,,,,,
,,,,,,,,,,,,,,,,,,,,,,,,,,,,,,,,,,,,,,,,,,,,,,,,,,,,,,,,,,,,,,,,,,,,,,,,,,,,,,,,,,,,,,,,,,,,,,,,,,,,,,,,,,,,,,,,,,,,,,,,,,,,,,,,,,,,,,,,,,,,,,,,,,,,,,,,,,,,,,,,,,,,,,,,,,,,,,,,,,,,,,,,,,,,,,,,,,,,,,,,,,,,,,,,,,,,,
,,,,,,,,,,,,,,,,,,,,,,,,,,,,,,,,,,,,,,,,,,,,,,,,,,,,,,,,,,,,,,,,,,,,,,,,,,,,,,,,,,,,,,,,,,,,,,,,,,,,,,,,,,,,,,,,,,,,,,,,,,,,,,,,,,,,,,,,,,,,,,,,,,,,,,,,,,,,,,,,,,,,,,,,,,,,,,,,,,,,,,,,,,,,,,,,,,,,,,,,,,,,,,,,,,,,,
,,,,,,,,,,,,,,,,,,,,,,,,,,,,,,,,,,,,,,,,,,,,,,,,,,,,,,,,,,,,,,,,,,,,,,,,,,,,,,,,,,,,,,,,,,,,,,,,,,,,,,,,,,,,,,,,,,,,,,,,,,,,,,,,,,,,,,,,,,,,,,,,,,,,,,,,,,,,,,,,,,,,,,,,,,,,,,,,,,,,,,,,,,,,,,,,,,,,,,,,,,,,,,,,,,,,,
,,,,,,,,,,,,,,,,,,,,,,,,,,,,,,,,,,,,,,,,,,,,,,,,,,,,,,,,,,,,,,,,,,,,,,,,,,,,,,,,,,,,,,,,,,,,,,,,,,,,,,,,,,,,,,,,,,,,,,,,,,,,,,,,,,,,,,,,,,,,,,,,,,,,,,,,,,,,,,,,,,,,,,,,,,,,,,,,,,,,,,,,,,,,,,,,,,,,,,,,,,,,,,,,,,,,,
,,,,,,,,,,,,,,,,,,,,,,,,,,,,,,,,,,,,,,,,,,,,,,,,,,,,,,,,,,,,,,,,,,,,,,,,,,,,,,,,,,,,,,,,,,,,,,,,,,,,,,,,,,,,,,,,,,,,,,,,,,,,,,,,,,,,,,,,,,,,,,,,,,,,,,,,,,,,,,,,,,,,,,,,,,,,,,,,,,,,,,,,,,,,,,,,,,,,,,,,,,,,,,,,,,,,,
,,,,,,,,,,,,,,,,,,,,,,,,,,,,,,,,,,,,,,,,,,,,,,,,,,,,,,,,,,,,,,,,,,,,,,,,,,,,,,,,,,,,,,,,,,,,,,,,,,,,,,,,,,,,,,,,,,,,,,,,,,,,,,,,,,,,,,,,,,,,,,,,,,,,,,,,,,,,,,,,,,,,,,,,,,,,,,,,,,,,,,,,,,,,,,,,,,,,,,,,,,,,,,,,,,,,,
,,,,,,,,,,,,,,,,,,,,,,,,,,,,,,,,,,,,,,,,,,,,,,,,,,,,,,,,,,,,,,,,,,,,,,,,,,,,,,,,,,,,,,,,,,,,,,,,,,,,,,,,,,,,,,,,,,,,,,,,,,,,,,,,,,,,,,,,,,,,,,,,,,,,,,,,,,,,,,,,,,,,,,,,,,,,,,,,,,,,,,,,,,,,,,,,,,,,,,,,,,,,,,,,,,,,,
,,,,,,,,,,,,,,,,,,,,,,,,,,,,,,,,,,,,,,,,,,,,,,,,,,,,,,,,,,,,,,,,,,,,,,,,,,,,,,,,,,,,,,,,,,,,,,,,,,,,,,,,,,,,,,,,,,,,,,,,,,,,,,,,,,,,,,,,,,,,,,,,,,,,,,,,,,,,,,,,,,,,,,,,,,,,,,,,,,,,,,,,,,,,,,,,,,,,,,,,,,,,,,,,,,,,,
,,,,,,,,,,,,,,,,,,,,,,,,,,,,,,,,,,,,,,,,,,,,,,,,,,,,,,,,,,,,,,,,,,,,,,,,,,,,,,,,,,,,,,,,,,,,,,,,,,,,,,,,,,,,,,,,,,,,,,,,,,,,,,,,,,,,,,,,,,,,,,,,,,,,,,,,,,,,,,,,,,,,,,,,,,,,,,,,,,,,,,,,,,,,,,,,,,,,,,,,,,,,,,,,,,,,,
,,,,,,,,,,,,,,,,,,,,,,,,,,,,,,,,,,,,,,,,,,,,,,,,,,,,,,,,,,,,,,,,,,,,,,,,,,,,,,,,,,,,,,,,,,,,,,,,,,,,,,,,,,,,,,,,,,,,,,,,,,,,,,,,,,,,,,,,,,,,,,,,,,,,,,,,,,,,,,,,,,,,,,,,,,,,,,,,,,,,,,,,,,,,,,,,,,,,,,,,,,,,,,,,,,,,,
,,,,,,,,,,,,,,,,,,,,,,,,,,,,,,,,,,,,,,,,,,,,,,,,,,,,,,,,,,,,,,,,,,,,,,,,,,,,,,,,,,,,,,,,,,,,,,,,,,,,,,,,,,,,,,,,,,,,,,,,,,,,,,,,,,,,,,,,,,,,,,,,,,,,,,,,,,,,,,,,,,,,,,,,,,,,,,,,,,,,,,,,,,,,,,,,,,,,,,,,,,,,,,,,,,,,,
,,,,,,,,,,,,,,,,,,,,,,,,,,,,,,,,,,,,,,,,,,,,,,,,,,,,,,,,,,,,,,,,,,,,,,,,,,,,,,,,,,,,,,,,,,,,,,,,,,,,,,,,,,,,,,,,,,,,,,,,,,,,,,,,,,,,,,,,,,,,,,,,,,,,,,,,,,,,,,,,,,,,,,,,,,,,,,,,,,,,,,,,,,,,,,,,,,,,,,,,,,,,,,,,,,,,,
,,,,,,,,,,,,,,,,,,,,,,,,,,,,,,,,,,,,,,,,,,,,,,,,,,,,,,,,,,,,,,,,,,,,,,,,,,,,,,,,,,,,,,,,,,,,,,,,,,,,,,,,,,,,,,,,,,,,,,,,,,,,,,,,,,,,,,,,,,,,,,,,,,,,,,,,,,,,,,,,,,,,,,,,,,,,,,,,,,,,,,,,,,,,,,,,,,,,,,,,,,,,,,,,,,,,,
,,,,,,,,,,,,,,,,,,,,,,,,,,,,,,,,,,,,,,,,,,,,,,,,,,,,,,,,,,,,,,,,,,,,,,,,,,,,,,,,,,,,,,,,,,,,,,,,,,,,,,,,,,,,,,,,,,,,,,,,,,,,,,,,,,,,,,,,,,,,,,,,,,,,,,,,,,,,,,,,,,,,,,,,,,,,,,,,,,,,,,,,,,,,,,,,,,,,,,,,,,,,,,,,,,,,,
,,,,,,,,,,,,,,,,,,,,,,,,,,,,,,,,,,,,,,,,,,,,,,,,,,,,,,,,,,,,,,,,,,,,,,,,,,,,,,,,,,,,,,,,,,,,,,,,,,,,,,,,,,,,,,,,,,,,,,,,,,,,,,,,,,,,,,,,,,,,,,,,,,,,,,,,,,,,,,,,,,,,,,,,,,,,,,,,,,,,,,,,,,,,,,,,,,,,,,,,,,,,,,,,,,,,,
,,,,,,,,,,,,,,,,,,,,,,,,,,,,,,,,,,,,,,,,,,,,,,,,,,,,,,,,,,,,,,,,,,,,,,,,,,,,,,,,,,,,,,,,,,,,,,,,,,,,,,,,,,,,,,,,,,,,,,,,,,,,,,,,,,,,,,,,,,,,,,,,,,,,,,,,,,,,,,,,,,,,,,,,,,,,,,,,,,,,,,,,,,,,,,,,,,,,,,,,,,,,,,,,,,,,,
,,,,,,,,,,,,,,,,,,,,,,,,,,,,,,,,,,,,,,,,,,,,,,,,,,,,,,,,,,,,,,,,,,,,,,,,,,,,,,,,,,,,,,,,,,,,,,,,,,,,,,,,,,,,,,,,,,,,,,,,,,,,,,,,,,,,,,,,,,,,,,,,,,,,,,,,,,,,,,,,,,,,,,,,,,,,,,,,,,,,,,,,,,,,,,,,,,,,,,,,,,,,,,,,,,,,,
,,,,,,,,,,,,,,,,,,,,,,,,,,,,,,,,,,,,,,,,,,,,,,,,,,,,,,,,,,,,,,,,,,,,,,,,,,,,,,,,,,,,,,,,,,,,,,,,,,,,,,,,,,,,,,,,,,,,,,,,,,,,,,,,,,,,,,,,,,,,,,,,,,,,,,,,,,,,,,,,,,,,,,,,,,,,,,,,,,,,,,,,,,,,,,,,,,,,,,,,,,,,,,,,,,,,,
,,,,,,,,,,,,,,,,,,,,,,,,,,,,,,,,,,,,,,,,,,,,,,,,,,,,,,,,,,,,,,,,,,,,,,,,,,,,,,,,,,,,,,,,,,,,,,,,,,,,,,,,,,,,,,,,,,,,,,,,,,,,,,,,,,,,,,,,,,,,,,,,,,,,,,,,,,,,,,,,,,,,,,,,,,,,,,,,,,,,,,,,,,,,,,,,,,,,,,,,,,,,,,,,,,,,,
,,,,,,,,,,,,,,,,,,,,,,,,,,,,,,,,,,,,,,,,,,,,,,,,,,,,,,,,,,,,,,,,,,,,,,,,,,,,,,,,,,,,,,,,,,,,,,,,,,,,,,,,,,,,,,,,,,,,,,,,,,,,,,,,,,,,,,,,,,,,,,,,,,,,,,,,,,,,,,,,,,,,,,,,,,,,,,,,,,,,,,,,,,,,,,,,,,,,,,,,,,,,,,,,,,,,,
,,,,,,,,,,,,,,,,,,,,,,,,,,,,,,,,,,,,,,,,,,,,,,,,,,,,,,,,,,,,,,,,,,,,,,,,,,,,,,,,,,,,,,,,,,,,,,,,,,,,,,,,,,,,,,,,,,,,,,,,,,,,,,,,,,,,,,,,,,,,,,,,,,,,,,,,,,,,,,,,,,,,,,,,,,,,,,,,,,,,,,,,,,,,,,,,,,,,,,,,,,,,,,,,,,,,,
,,,,,,,,,,,,,,,,,,,,,,,,,,,,,,,,,,,,,,,,,,,,,,,,,,,,,,,,,,,,,,,,,,,,,,,,,,,,,,,,,,,,,,,,,,,,,,,,,,,,,,,,,,,,,,,,,,,,,,,,,,,,,,,,,,,,,,,,,,,,,,,,,,,,,,,,,,,,,,,,,,,,,,,,,,,,,,,,,,,,,,,,,,,,,,,,,,,,,,,,,,,,,,,,,,,,,
,,,,,,,,,,,,,,,,,,,,,,,,,,,,,,,,,,,,,,,,,,,,,,,,,,,,,,,,,,,,,,,,,,,,,,,,,,,,,,,,,,,,,,,,,,,,,,,,,,,,,,,,,,,,,,,,,,,,,,,,,,,,,,,,,,,,,,,,,,,,,,,,,,,,,,,,,,,,,,,,,,,,,,,,,,,,,,,,,,,,,,,,,,,,,,,,,,,,,,,,,,,,,,,,,,,,,
,,,,,,,,,,,,,,,,,,,,,,,,,,,,,,,,,,,,,,,,,,,,,,,,,,,,,,,,,,,,,,,,,,,,,,,,,,,,,,,,,,,,,,,,,,,,,,,,,,,,,,,,,,,,,,,,,,,,,,,,,,,,,,,,,,,,,,,,,,,,,,,,,,,,,,,,,,,,,,,,,,,,,,,,,,,,,,,,,,,,,,,,,,,,,,,,,,,,,,,,,,,,,,,,,,,,,
,,,,,,,,,,,,,,,,,,,,,,,,,,,,,,,,,,,,,,,,,,,,,,,,,,,,,,,,,,,,,,,,,,,,,,,,,,,,,,,,,,,,,,,,,,,,,,,,,,,,,,,,,,,,,,,,,,,,,,,,,,,,,,,,,,,,,,,,,,,,,,,,,,,,,,,,,,,,,,,,,,,,,,,,,,,,,,,,,,,,,,,,,,,,,,,,,,,,,,,,,,,,,,,,,,,,,
,,,,,,,,,,,,,,,,,,,,,,,,,,,,,,,,,,,,,,,,,,,,,,,,,,,,,,,,,,,,,,,,,,,,,,,,,,,,,,,,,,,,,,,,,,,,,,,,,,,,,,,,,,,,,,,,,,,,,,,,,,,,,,,,,,,,,,,,,,,,,,,,,,,,,,,,,,,,,,,,,,,,,,,,,,,,,,,,,,,,,,,,,,,,,,,,,,,,,,,,,,,,,,,,,,,,,
,,,,,,,,,,,,,,,,,,,,,,,,,,,,,,,,,,,,,,,,,,,,,,,,,,,,,,,,,,,,,,,,,,,,,,,,,,,,,,,,,,,,,,,,,,,,,,,,,,,,,,,,,,,,,,,,,,,,,,,,,,,,,,,,,,,,,,,,,,,,,,,,,,,,,,,,,,,,,,,,,,,,,,,,,,,,,,,,,,,,,,,,,,,,,,,,,,,,,,,,,,,,,,,,,,,,,
,,,,,,,,,,,,,,,,,,,,,,,,,,,,,,,,,,,,,,,,,,,,,,,,,,,,,,,,,,,,,,,,,,,,,,,,,,,,,,,,,,,,,,,,,,,,,,,,,,,,,,,,,,,,,,,,,,,,,,,,,,,,,,,,,,,,,,,,,,,,,,,,,,,,,,,,,,,,,,,,,,,,,,,,,,,,,,,,,,,,,,,,,,,,,,,,,,,,,,,,,,,,,,,,,,,,,
,,,,,,,,,,,,,,,,,,,,,,,,,,,,,,,,,,,,,,,,,,,,,,,,,,,,,,,,,,,,,,,,,,,,,,,,,,,,,,,,,,,,,,,,,,,,,,,,,,,,,,,,,,,,,,,,,,,,,,,,,,,,,,,,,,,,,,,,,,,,,,,,,,,,,,,,,,,,,,,,,,,,,,,,,,,,,,,,,,,,,,,,,,,,,,,,,,,,,,,,,,,,,,,,,,,,,
,,,,,,,,,,,,,,,,,,,,,,,,,,,,,,,,,,,,,,,,,,,,,,,,,,,,,,,,,,,,,,,,,,,,,,,,,,,,,,,,,,,,,,,,,,,,,,,,,,,,,,,,,,,,,,,,,,,,,,,,,,,,,,,,,,,,,,,,,,,,,,,,,,,,,,,,,,,,,,,,,,,,,,,,,,,,,,,,,,,,,,,,,,,,,,,,,,,,,,,,,,,,,,,,,,,,,
,,,,,,,,,,,,,,,,,,,,,,,,,,,,,,,,,,,,,,,,,,,,,,,,,,,,,,,,,,,,,,,,,,,,,,,,,,,,,,,,,,,,,,,,,,,,,,,,,,,,,,,,,,,,,,,,,,,,,,,,,,,,,,,,,,,,,,,,,,,,,,,,,,,,,,,,,,,,,,,,,,,,,,,,,,,,,,,,,,,,,,,,,,,,,,,,,,,,,,,,,,,,,,,,,,,,,
,,,,,,,,,,,,,,,,,,,,,,,,,,,,,,,,,,,,,,,,,,,,,,,,,,,,,,,,,,,,,,,,,,,,,,,,,,,,,,,,,,,,,,,,,,,,,,,,,,,,,,,,,,,,,,,,,,,,,,,,,,,,,,,,,,,,,,,,,,,,,,,,,,,,,,,,,,,,,,,,,,,,,,,,,,,,,,,,,,,,,,,,,,,,,,,,,,,,,,,,,,,,,,,,,,,,,
,,,,,,,,,,,,,,,,,,,,,,,,,,,,,,,,,,,,,,,,,,,,,,,,,,,,,,,,,,,,,,,,,,,,,,,,,,,,,,,,,,,,,,,,,,,,,,,,,,,,,,,,,,,,,,,,,,,,,,,,,,,,,,,,,,,,,,,,,,,,,,,,,,,,,,,,,,,,,,,,,,,,,,,,,,,,,,,,,,,,,,,,,,,,,,,,,,,,,,,,,,,,,,,,,,,,,
,,,,,,,,,,,,,,,,,,,,,,,,,,,,,,,,,,,,,,,,,,,,,,,,,,,,,,,,,,,,,,,,,,,,,,,,,,,,,,,,,,,,,,,,,,,,,,,,,,,,,,,,,,,,,,,,,,,,,,,,,,,,,,,,,,,,,,,,,,,,,,,,,,,,,,,,,,,,,,,,,,,,,,,,,,,,,,,,,,,,,,,,,,,,,,,,,,,,,,,,,,,,,,,,,,,,,
,,,,,,,,,,,,,,,,,,,,,,,,,,,,,,,,,,,,,,,,,,,,,,,,,,,,,,,,,,,,,,,,,,,,,,,,,,,,,,,,,,,,,,,,,,,,,,,,,,,,,,,,,,,,,,,,,,,,,,,,,,,,,,,,,,,,,,,,,,,,,,,,,,,,,,,,,,,,,,,,,,,,,,,,,,,,,,,,,,,,,,,,,,,,,,,,,,,,,,,,,,,,,,,,,,,,,
,,,,,,,,,,,,,,,,,,,,,,,,,,,,,,,,,,,,,,,,,,,,,,,,,,,,,,,,,,,,,,,,,,,,,,,,,,,,,,,,,,,,,,,,,,,,,,,,,,,,,,,,,,,,,,,,,,,,,,,,,,,,,,,,,,,,,,,,,,,,,,,,,,,,,,,,,,,,,,,,,,,,,,,,,,,,,,,,,,,,,,,,,,,,,,,,,,,,,,,,,,,,,,,,,,,,,
,,,,,,,,,,,,,,,,,,,,,,,,,,,,,,,,,,,,,,,,,,,,,,,,,,,,,,,,,,,,,,,,,,,,,,,,,,,,,,,,,,,,,,,,,,,,,,,,,,,,,,,,,,,,,,,,,,,,,,,,,,,,,,,,,,,,,,,,,,,,,,,,,,,,,,,,,,,,,,,,,,,,,,,,,,,,,,,,,,,,,,,,,,,,,,,,,,,,,,,,,,,,,,,,,,,,,
,,,,,,,,,,,,,,,,,,,,,,,,,,,,,,,,,,,,,,,,,,,,,,,,,,,,,,,,,,,,,,,,,,,,,,,,,,,,,,,,,,,,,,,,,,,,,,,,,,,,,,,,,,,,,,,,,,,,,,,,,,,,,,,,,,,,,,,,,,,,,,,,,,,,,,,,,,,,,,,,,,,,,,,,,,,,,,,,,,,,,,,,,,,,,,,,,,,,,,,,,,,,,,,,,,,,,
,,,,,,,,,,,,,,,,,,,,,,,,,,,,,,,,,,,,,,,,,,,,,,,,,,,,,,,,,,,,,,,,,,,,,,,,,,,,,,,,,,,,,,,,,,,,,,,,,,,,,,,,,,,,,,,,,,,,,,,,,,,,,,,,,,,,,,,,,,,,,,,,,,,,,,,,,,,,,,,,,,,,,,,,,,,,,,,,,,,,,,,,,,,,,,,,,,,,,,,,,,,,,,,,,,,,,
,,,,,,,,,,,,,,,,,,,,,,,,,,,,,,,,,,,,,,,,,,,,,,,,,,,,,,,,,,,,,,,,,,,,,,,,,,,,,,,,,,,,,,,,,,,,,,,,,,,,,,,,,,,,,,,,,,,,,,,,,,,,,,,,,,,,,,,,,,,,,,,,,,,,,,,,,,,,,,,,,,,,,,,,,,,,,,,,,,,,,,,,,,,,,,,,,,,,,,,,,,,,,,,,,,,,,
,,,,,,,,,,,,,,,,,,,,,,,,,,,,,,,,,,,,,,,,,,,,,,,,,,,,,,,,,,,,,,,,,,,,,,,,,,,,,,,,,,,,,,,,,,,,,,,,,,,,,,,,,,,,,,,,,,,,,,,,,,,,,,,,,,,,,,,,,,,,,,,,,,,,,,,,,,,,,,,,,,,,,,,,,,,,,,,,,,,,,,,,,,,,,,,,,,,,,,,,,,,,,,,,,,,,,
,,,,,,,,,,,,,,,,,,,,,,,,,,,,,,,,,,,,,,,,,,,,,,,,,,,,,,,,,,,,,,,,,,,,,,,,,,,,,,,,,,,,,,,,,,,,,,,,,,,,,,,,,,,,,,,,,,,,,,,,,,,,,,,,,,,,,,,,,,,,,,,,,,,,,,,,,,,,,,,,,,,,,,,,,,,,,,,,,,,,,,,,,,,,,,,,,,,,,,,,,,,,,,,,,,,,,
,,,,,,,,,,,,,,,,,,,,,,,,,,,,,,,,,,,,,,,,,,,,,,,,,,,,,,,,,,,,,,,,,,,,,,,,,,,,,,,,,,,,,,,,,,,,,,,,,,,,,,,,,,,,,,,,,,,,,,,,,,,,,,,,,,,,,,,,,,,,,,,,,,,,,,,,,,,,,,,,,,,,,,,,,,,,,,,,,,,,,,,,,,,,,,,,,,,,,,,,,,,,,,,,,,,,,
,,,,,,,,,,,,,,,,,,,,,,,,,,,,,,,,,,,,,,,,,,,,,,,,,,,,,,,,,,,,,,,,,,,,,,,,,,,,,,,,,,,,,,,,,,,,,,,,,,,,,,,,,,,,,,,,,,,,,,,,,,,,,,,,,,,,,,,,,,,,,,,,,,,,,,,,,,,,,,,,,,,,,,,,,,,,,,,,,,,,,,,,,,,,,,,,,,,,,,,,,,,,,,,,,,,,,
,,,,,,,,,,,,,,,,,,,,,,,,,,,,,,,,,,,,,,,,,,,,,,,,,,,,,,,,,,,,,,,,,,,,,,,,,,,,,,,,,,,,,,,,,,,,,,,,,,,,,,,,,,,,,,,,,,,,,,,,,,,,,,,,,,,,,,,,,,,,,,,,,,,,,,,,,,,,,,,,,,,,,,,,,,,,,,,,,,,,,,,,,,,,,,,,,,,,,,,,,,,,,,,,,,,,,
,,,,,,,,,,,,,,,,,,,,,,,,,,,,,,,,,,,,,,,,,,,,,,,,,,,,,,,,,,,,,,,,,,,,,,,,,,,,,,,,,,,,,,,,,,,,,,,,,,,,,,,,,,,,,,,,,,,,,,,,,,,,,,,,,,,,,,,,,,,,,,,,,,,,,,,,,,,,,,,,,,,,,,,,,,,,,,,,,,,,,,,,,,,,,,,,,,,,,,,,,,,,,,,,,,,,,
,,,,,,,,,,,,,,,,,,,,,,,,,,,,,,,,,,,,,,,,,,,,,,,,,,,,,,,,,,,,,,,,,,,,,,,,,,,,,,,,,,,,,,,,,,,,,,,,,,,,,,,,,,,,,,,,,,,,,,,,,,,,,,,,,,,,,,,,,,,,,,,,,,,,,,,,,,,,,,,,,,,,,,,,,,,,,,,,,,,,,,,,,,,,,,,,,,,,,,,,,,,,,,,,,,,,,
,,,,,,,,,,,,,,,,,,,,,,,,,,,,,,,,,,,,,,,,,,,,,,,,,,,,,,,,,,,,,,,,,,,,,,,,,,,,,,,,,,,,,,,,,,,,,,,,,,,,,,,,,,,,,,,,,,,,,,,,,,,,,,,,,,,,,,,,,,,,,,,,,,,,,,,,,,,,,,,,,,,,,,,,,,,,,,,,,,,,,,,,,,,,,,,,,,,,,,,,,,,,,,,,,,,,,
,,,,,,,,,,,,,,,,,,,,,,,,,,,,,,,,,,,,,,,,,,,,,,,,,,,,,,,,,,,,,,,,,,,,,,,,,,,,,,,,,,,,,,,,,,,,,,,,,,,,,,,,,,,,,,,,,,,,,,,,,,,,,,,,,,,,,,,,,,,,,,,,,,,,,,,,,,,,,,,,,,,,,,,,,,,,,,,,,,,,,,,,,,,,,,,,,,,,,,,,,,,,,,,,,,,,,
,,,,,,,,,,,,,,,,,,,,,,,,,,,,,,,,,,,,,,,,,,,,,,,,,,,,,,,,,,,,,,,,,,,,,,,,,,,,,,,,,,,,,,,,,,,,,,,,,,,,,,,,,,,,,,,,,,,,,,,,,,,,,,,,,,,,,,,,,,,,,,,,,,,,,,,,,,,,,,,,,,,,,,,,,,,,,,,,,,,,,,,,,,,,,,,,,,,,,,,,,,,,,,,,,,,,,
,,,,,,,,,,,,,,,,,,,,,,,,,,,,,,,,,,,,,,,,,,,,,,,,,,,,,,,,,,,,,,,,,,,,,,,,,,,,,,,,,,,,,,,,,,,,,,,,,,,,,,,,,,,,,,,,,,,,,,,,,,,,,,,,,,,,,,,,,,,,,,,,,,,,,,,,,,,,,,,,,,,,,,,,,,,,,,,,,,,,,,,,,,,,,,,,,,,,,,,,,,,,,,,,,,,,,
,,,,,,,,,,,,,,,,,,,,,,,,,,,,,,,,,,,,,,,,,,,,,,,,,,,,,,,,,,,,,,,,,,,,,,,,,,,,,,,,,,,,,,,,,,,,,,,,,,,,,,,,,,,,,,,,,,,,,,,,,,,,,,,,,,,,,,,,,,,,,,,,,,,,,,,,,,,,,,,,,,,,,,,,,,,,,,,,,,,,,,,,,,,,,,,,,,,,,,,,,,,,,,,,,,,,,
,,,,,,,,,,,,,,,,,,,,,,,,,,,,,,,,,,,,,,,,,,,,,,,,,,,,,,,,,,,,,,,,,,,,,,,,,,,,,,,,,,,,,,,,,,,,,,,,,,,,,,,,,,,,,,,,,,,,,,,,,,,,,,,,,,,,,,,,,,,,,,,,,,,,,,,,,,,,,,,,,,,,,,,,,,,,,,,,,,,,,,,,,,,,,,,,,,,,,,,,,,,,,,,,,,,,,
,,,,,,,,,,,,,,,,,,,,,,,,,,,,,,,,,,,,,,,,,,,,,,,,,,,,,,,,,,,,,,,,,,,,,,,,,,,,,,,,,,,,,,,,,,,,,,,,,,,,,,,,,,,,,,,,,,,,,,,,,,,,,,,,,,,,,,,,,,,,,,,,,,,,,,,,,,,,,,,,,,,,,,,,,,,,,,,,,,,,,,,,,,,,,,,,,,,,,,,,,,,,,,,,,,,,,
,,,,,,,,,,,,,,,,,,,,,,,,,,,,,,,,,,,,,,,,,,,,,,,,,,,,,,,,,,,,,,,,,,,,,,,,,,,,,,,,,,,,,,,,,,,,,,,,,,,,,,,,,,,,,,,,,,,,,,,,,,,,,,,,,,,,,,,,,,,,,,,,,,,,,,,,,,,,,,,,,,,,,,,,,,,,,,,,,,,,,,,,,,,,,,,,,,,,,,,,,,,,,,,,,,,,,
,,,,,,,,,,,,,,,,,,,,,,,,,,,,,,,,,,,,,,,,,,,,,,,,,,,,,,,,,,,,,,,,,,,,,,,,,,,,,,,,,,,,,,,,,,,,,,,,,,,,,,,,,,,,,,,,,,,,,,,,,,,,,,,,,,,,,,,,,,,,,,,,,,,,,,,,,,,,,,,,,,,,,,,,,,,,,,,,,,,,,,,,,,,,,,,,,,,,,,,,,,,,,,,,,,,,,
,,,,,,,,,,,,,,,,,,,,,,,,,,,,,,,,,,,,,,,,,,,,,,,,,,,,,,,,,,,,,,,,,,,,,,,,,,,,,,,,,,,,,,,,,,,,,,,,,,,,,,,,,,,,,,,,,,,,,,,,,,,,,,,,,,,,,,,,,,,,,,,,,,,,,,,,,,,,,,,,,,,,,,,,,,,,,,,,,,,,,,,,,,,,,,,,,,,,,,,,,,,,,,,,,,,,,
,,,,,,,,,,,,,,,,,,,,,,,,,,,,,,,,,,,,,,,,,,,,,,,,,,,,,,,,,,,,,,,,,,,,,,,,,,,,,,,,,,,,,,,,,,,,,,,,,,,,,,,,,,,,,,,,,,,,,,,,,,,,,,,,,,,,,,,,,,,,,,,,,,,,,,,,,,,,,,,,,,,,,,,,,,,,,,,,,,,,,,,,,,,,,,,,,,,,,,,,,,,,,,,,,,,,,
,,,,,,,,,,,,,,,,,,,,,,,,,,,,,,,,,,,,,,,,,,,,,,,,,,,,,,,,,,,,,,,,,,,,,,,,,,,,,,,,,,,,,,,,,,,,,,,,,,,,,,,,,,,,,,,,,,,,,,,,,,,,,,,,,,,,,,,,,,,,,,,,,,,,,,,,,,,,,,,,,,,,,,,,,,,,,,,,,,,,,,,,,,,,,,,,,,,,,,,,,,,,,,,,,,,,,